image,label
0001.mat,0
0002.mat,0
0003.mat,0
0004.mat,0
0005.mat,0
0006.mat,0
0007.mat,0
0008.mat,0
0009.mat,0
0010.mat,0
0011.mat,0
0012.mat,0
0013.mat,0
0014.mat,0
0015.mat,0
0016.mat,0
0017.mat,1
0018.mat,0
0019.mat,0
0020.mat,0
0021.mat,0
0022.mat,0
0023.mat,1
0024.mat,0
0025.mat,0
0026.mat,0
0027.mat,0
0028.mat,1
0029.mat,0
0030.mat,0
0031.mat,0
0032.mat,0
0033.mat,0
0034.mat,0
0035.mat,0
0036.mat,0
0037.mat,0
0038.mat,0
0039.mat,0
0040.mat,0
0041.mat,0
0042.mat,0
0043.mat,0
0044.mat,0
0045.mat,0
0046.mat,0
0047.mat,0
0048.mat,0
0049.mat,0
0050.mat,0
0051.mat,0
0052.mat,0
0053.mat,0
0054.mat,0
0055.mat,0
0056.mat,0
0057.mat,0
0058.mat,1
0059.mat,0
0060.mat,0
0061.mat,0
0062.mat,0
0063.mat,0
0064.mat,0
0065.mat,0
0066.mat,0
0067.mat,0
0068.mat,0
0069.mat,0
0070.mat,0
0071.mat,0
0072.mat,0
0073.mat,0
0074.mat,0
0075.mat,0
0076.mat,0
0077.mat,0
0078.mat,0
0079.mat,0
0080.mat,0
0081.mat,0
0082.mat,0
0083.mat,0
0084.mat,0
0085.mat,0
0086.mat,0
0087.mat,0
0088.mat,0
0089.mat,1
0090.mat,1
0091.mat,0
0092.mat,0
0093.mat,0
0094.mat,0
0095.mat,0
0096.mat,0
0097.mat,0
0098.mat,0
0099.mat,0
0100.mat,0
0101.mat,0
0102.mat,0
0103.mat,0
0104.mat,1
0105.mat,0
0106.mat,0
0107.mat,0
0108.mat,0
0109.mat,0
0110.mat,0
0111.mat,0
0112.mat,1
0113.mat,1
0114.mat,1
0115.mat,0
0116.mat,0
0117.mat,1
0118.mat,1
0119.mat,0
0120.mat,0
0121.mat,0
0122.mat,0
0123.mat,0
0124.mat,0
0125.mat,0
0126.mat,0
0127.mat,0
0128.mat,0
0129.mat,1
0130.mat,0
0131.mat,0
0132.mat,0
0133.mat,0
0134.mat,0
0135.mat,0
0136.mat,0
0137.mat,0
0138.mat,0
0139.mat,0
0140.mat,0
0141.mat,0
0142.mat,0
0143.mat,0
0144.mat,0
0145.mat,1
0146.mat,0
0147.mat,0
0148.mat,0
0149.mat,0
0150.mat,0
0151.mat,0
0152.mat,0
0153.mat,0
0154.mat,0
0155.mat,0
0156.mat,0
0157.mat,1
0158.mat,0
0159.mat,0
0160.mat,0
0161.mat,1
0162.mat,0
0163.mat,0
0164.mat,0
0165.mat,0
0166.mat,0
0167.mat,0
0168.mat,0
0169.mat,1
0170.mat,0
0171.mat,0
0172.mat,0
0173.mat,0
0174.mat,0
0175.mat,0
0176.mat,0
0177.mat,0
0178.mat,0
0179.mat,0
0180.mat,0
0181.mat,1
0182.mat,0
0183.mat,0
0184.mat,0
0185.mat,0
0186.mat,0
0187.mat,0
0188.mat,0
0189.mat,0
0190.mat,0
0191.mat,0
0192.mat,0
0193.mat,0
0194.mat,1
0195.mat,0
0196.mat,0
0197.mat,0
0198.mat,0
0199.mat,0
0200.mat,0
0201.mat,0
0202.mat,0
0203.mat,0
0204.mat,0
0205.mat,0
0206.mat,0
0207.mat,0
0208.mat,0
0209.mat,1
0210.mat,0
0211.mat,0
0212.mat,0
0213.mat,1
0214.mat,0
0215.mat,0
0216.mat,0
0217.mat,0
0218.mat,0
0219.mat,0
0220.mat,1
0221.mat,0
0222.mat,0
0223.mat,0
0224.mat,0
0225.mat,0
0226.mat,0
0227.mat,0
0228.mat,1
0229.mat,0
0230.mat,0
0231.mat,0
0232.mat,0
0233.mat,0
0234.mat,0
0235.mat,0
0236.mat,0
0237.mat,0
0238.mat,0
0239.mat,1
0240.mat,0
0241.mat,0
0242.mat,0
0243.mat,0
0244.mat,0
0245.mat,0
0246.mat,0
0247.mat,1
0248.mat,0
0249.mat,0
0250.mat,0
0251.mat,0
0252.mat,0
0253.mat,0
0254.mat,0
0255.mat,0
0256.mat,0
0257.mat,1
0258.mat,0
0259.mat,1
0260.mat,1
0261.mat,0
0262.mat,1
0263.mat,0
0264.mat,0
0265.mat,0
0266.mat,0
0267.mat,0
0268.mat,0
0269.mat,0
0270.mat,0
0271.mat,0
0272.mat,0
0273.mat,0
0274.mat,1
0275.mat,0
0276.mat,0
0277.mat,0
0278.mat,0
0279.mat,0
0280.mat,0
0281.mat,0
0282.mat,0
0283.mat,0
0284.mat,0
0285.mat,0
0286.mat,0
0287.mat,0
0288.mat,0
0289.mat,0
0290.mat,0
0291.mat,0
0292.mat,0
0293.mat,0
0294.mat,0
0295.mat,0
0296.mat,0
0297.mat,0
0298.mat,0
0299.mat,0
0300.mat,0
0301.mat,0
0302.mat,0
0303.mat,0
0304.mat,0
0305.mat,0
0306.mat,0
0307.mat,0
0308.mat,0
0309.mat,0
0310.mat,0
0311.mat,0
0312.mat,0
0313.mat,0
0314.mat,1
0315.mat,0
0316.mat,0
0317.mat,0
0318.mat,0
0319.mat,0
0320.mat,0
0321.mat,0
0322.mat,1
0323.mat,1
0324.mat,1
0325.mat,0
0326.mat,0
0327.mat,1
0328.mat,0
0329.mat,0
0330.mat,0
0331.mat,0
0332.mat,0
0333.mat,0
0334.mat,0
0335.mat,0
0336.mat,0
0337.mat,0
0338.mat,0
0339.mat,0
0340.mat,0
0341.mat,0
0342.mat,0
0343.mat,0
0344.mat,0
0345.mat,0
0346.mat,0
0347.mat,0
0348.mat,0
0349.mat,0
0350.mat,0
0351.mat,0
0352.mat,0
0353.mat,1
0354.mat,0
0355.mat,0
0356.mat,1
0357.mat,0
0358.mat,0
0359.mat,0
0360.mat,0
0361.mat,0
0362.mat,0
0363.mat,0
0364.mat,0
0365.mat,0
0366.mat,0
0367.mat,1
0368.mat,0
0369.mat,0
0370.mat,0
0371.mat,0
0372.mat,1
0373.mat,1
0374.mat,1
0375.mat,0
0376.mat,0
0377.mat,1
0378.mat,0
0379.mat,0
0380.mat,0
0381.mat,0
0382.mat,0
0383.mat,0
0384.mat,0
0385.mat,1
0386.mat,0
0387.mat,1
0388.mat,0
0389.mat,0
0390.mat,0
0391.mat,0
0392.mat,0
0393.mat,1
0394.mat,0
0395.mat,0
0396.mat,0
0397.mat,0
0398.mat,0
0399.mat,0
0400.mat,1
0401.mat,0
0402.mat,0
0403.mat,0
0404.mat,0
0405.mat,1
0406.mat,0
0407.mat,1
0408.mat,0
0409.mat,0
0410.mat,1
0411.mat,1
0412.mat,0
0413.mat,0
0414.mat,0
0415.mat,0
0416.mat,0
0417.mat,0
0418.mat,0
0419.mat,0
0420.mat,1
0421.mat,0
0422.mat,0
0423.mat,0
0424.mat,0
0425.mat,0
0426.mat,1
0427.mat,0
0428.mat,0
0429.mat,0
0430.mat,0
0431.mat,0
0432.mat,0
0433.mat,0
0434.mat,0
0435.mat,0
0436.mat,0
0437.mat,0
0438.mat,0
0439.mat,0
0440.mat,0
0441.mat,0
0442.mat,0
0443.mat,0
0444.mat,0
0445.mat,0
0446.mat,0
0447.mat,0
0448.mat,0
0449.mat,0
0450.mat,0
0451.mat,0
0452.mat,0
0453.mat,0
0454.mat,0
0455.mat,0
0456.mat,0
0457.mat,1
0458.mat,0
0459.mat,0
0460.mat,1
0461.mat,0
0462.mat,0
0463.mat,0
0464.mat,0
0465.mat,0
0466.mat,0
0467.mat,0
0468.mat,1
0469.mat,1
0470.mat,0
0471.mat,0
0472.mat,0
0473.mat,0
0474.mat,0
0475.mat,1
0476.mat,0
0477.mat,0
0478.mat,0
0479.mat,0
0480.mat,0
0481.mat,1
0482.mat,0
0483.mat,0
0484.mat,0
0485.mat,0
0486.mat,0
0487.mat,0
0488.mat,0
0489.mat,0
0490.mat,0
0491.mat,1
0492.mat,0
0493.mat,0
0494.mat,0
0495.mat,0
0496.mat,0
0497.mat,0
0498.mat,0
0499.mat,0
0500.mat,0
0501.mat,0
0502.mat,0
0503.mat,0
0504.mat,0
0505.mat,0
0506.mat,0
0507.mat,0
0508.mat,0
0509.mat,0
0510.mat,0
0511.mat,0
0512.mat,0
0513.mat,0
0514.mat,0
0515.mat,0
0516.mat,0
0517.mat,0
0518.mat,0
0519.mat,0
0520.mat,0
0521.mat,0
0522.mat,0
0523.mat,0
0524.mat,0
0525.mat,0
0526.mat,0
0527.mat,0
0528.mat,0
0529.mat,0
0530.mat,0
0531.mat,0
0532.mat,0
0533.mat,0
0534.mat,0
0535.mat,0
0536.mat,0
0537.mat,0
0538.mat,0
0539.mat,1
0540.mat,0
0541.mat,0
0542.mat,0
0543.mat,0
0544.mat,0
0545.mat,0
0546.mat,0
0547.mat,0
0548.mat,1
0549.mat,0
0550.mat,1
0551.mat,0
0552.mat,0
0553.mat,0
0554.mat,0
0555.mat,0
0556.mat,0
0557.mat,0
0558.mat,0
0559.mat,0
0560.mat,0
0561.mat,0
0562.mat,0
0563.mat,0
0564.mat,0
0565.mat,1
0566.mat,0
0567.mat,0
0568.mat,0
0569.mat,0
0570.mat,0
0571.mat,1
0572.mat,0
0573.mat,0
0574.mat,0
0575.mat,0
0576.mat,0
0577.mat,0
0578.mat,0
0579.mat,0
0580.mat,0
0581.mat,0
0582.mat,0
0583.mat,0
0584.mat,0
0585.mat,0
0586.mat,0
0587.mat,0
0588.mat,0
0589.mat,0
0590.mat,0
0591.mat,0
0592.mat,0
0593.mat,0
0594.mat,0
0595.mat,0
0596.mat,0
0597.mat,0
0598.mat,1
0599.mat,0
0600.mat,0
0601.mat,0
0602.mat,0
0603.mat,1
0604.mat,1
0605.mat,0
0606.mat,0
0607.mat,0
0608.mat,0
0609.mat,0
0610.mat,0
0611.mat,0
0612.mat,0
0613.mat,0
0614.mat,0
0615.mat,0
0616.mat,0
0617.mat,0
0618.mat,0
0619.mat,1
0620.mat,0
0621.mat,0
0622.mat,1
0623.mat,0
0624.mat,1
0625.mat,1
0626.mat,0
0627.mat,0
0628.mat,0
0629.mat,0
0630.mat,0
0631.mat,1
0632.mat,1
0633.mat,0
0634.mat,0
0635.mat,0
0636.mat,0
0637.mat,0
0638.mat,0
0639.mat,0
0640.mat,0
0641.mat,0
0642.mat,0
0643.mat,0
0644.mat,0
0645.mat,0
0646.mat,0
0647.mat,0
0648.mat,0
0649.mat,0
0650.mat,0
0651.mat,0
0652.mat,0
0653.mat,0
0654.mat,0
0655.mat,1
0656.mat,0
0657.mat,0
0658.mat,0
0659.mat,0
0660.mat,1
0661.mat,0
0662.mat,0
0663.mat,1
0664.mat,0
0665.mat,0
0666.mat,0
0667.mat,1
0668.mat,0
0669.mat,0
0670.mat,0
0671.mat,0
0672.mat,0
0673.mat,0
0674.mat,0
0675.mat,0
0676.mat,1
0677.mat,0
0678.mat,0
0679.mat,0
0680.mat,0
0681.mat,0
0682.mat,0
0683.mat,0
0684.mat,0
0685.mat,0
0686.mat,0
0687.mat,0
0688.mat,0
0689.mat,0
0690.mat,0
0691.mat,1
0692.mat,0
0693.mat,0
0694.mat,0
0695.mat,0
0696.mat,0
0697.mat,0
0698.mat,1
0699.mat,0
0700.mat,0
0701.mat,0
0702.mat,0
0703.mat,0
0704.mat,0
0705.mat,0
0706.mat,0
0707.mat,0
0708.mat,0
0709.mat,0
0710.mat,0
0711.mat,0
0712.mat,0
0713.mat,0
0714.mat,0
0715.mat,0
0716.mat,0
0717.mat,0
0718.mat,1
0719.mat,1
0720.mat,0
0721.mat,0
0722.mat,1
0723.mat,0
0724.mat,0
0725.mat,0
0726.mat,0
0727.mat,0
0728.mat,0
0729.mat,0
0730.mat,0
0731.mat,0
0732.mat,0
0733.mat,0
0734.mat,0
0735.mat,0
0736.mat,0
0737.mat,0
0738.mat,0
0739.mat,0
0740.mat,1
0741.mat,0
0742.mat,0
0743.mat,0
0744.mat,0
0745.mat,0
0746.mat,0
0747.mat,1
0748.mat,0
0749.mat,0
0750.mat,0
0751.mat,0
0752.mat,0
0753.mat,0
0754.mat,0
0755.mat,1
0756.mat,0
0757.mat,0
0758.mat,0
0759.mat,0
0760.mat,0
0761.mat,0
0762.mat,0
0763.mat,0
0764.mat,0
0765.mat,0
0766.mat,0
0767.mat,0
0768.mat,0
0769.mat,0
0770.mat,1
0771.mat,0
0772.mat,0
0773.mat,0
0774.mat,0
0775.mat,0
0776.mat,0
0777.mat,0
0778.mat,0
0779.mat,0
0780.mat,0
0781.mat,0
0782.mat,1
0783.mat,0
0784.mat,0
0785.mat,0
0786.mat,0
0787.mat,0
0788.mat,1
0789.mat,0
0790.mat,0
0791.mat,0
0792.mat,0
0793.mat,0
0794.mat,0
0795.mat,0
0796.mat,0
0797.mat,0
0798.mat,0
0799.mat,1
0800.mat,0
0801.mat,0
0802.mat,0
0803.mat,0
0804.mat,0
0805.mat,0
0806.mat,1
0807.mat,0
0808.mat,0
0809.mat,0
0810.mat,0
0811.mat,0
0812.mat,0
0813.mat,0
0814.mat,0
0815.mat,0
0816.mat,0
0817.mat,0
0818.mat,0
0819.mat,0
0820.mat,0
0821.mat,0
0822.mat,0
0823.mat,0
0824.mat,0
0825.mat,0
0826.mat,0
0827.mat,0
0828.mat,0
0829.mat,0
0830.mat,0
0831.mat,0
0832.mat,1
0833.mat,0
0834.mat,0
0835.mat,0
0836.mat,0
0837.mat,0
0838.mat,0
0839.mat,1
0840.mat,0
0841.mat,0
0842.mat,0
0843.mat,1
0844.mat,1
0845.mat,0
0846.mat,0
0847.mat,0
0848.mat,0
0849.mat,0
0850.mat,0
0851.mat,0
0852.mat,0
0853.mat,0
0854.mat,0
0855.mat,1
0856.mat,0
0857.mat,0
0858.mat,1
0859.mat,0
0860.mat,0
0861.mat,0
0862.mat,0
0863.mat,0
0864.mat,0
0865.mat,0
0866.mat,1
0867.mat,0
0868.mat,0
0869.mat,0
0870.mat,0
0871.mat,0
0872.mat,1
0873.mat,0
0874.mat,0
0875.mat,0
0876.mat,0
0877.mat,0
0878.mat,0
0879.mat,0
0880.mat,1
0881.mat,0
0882.mat,1
0883.mat,0
0884.mat,0
0885.mat,0
0886.mat,0
0887.mat,0
0888.mat,0
0889.mat,0
0890.mat,0
0891.mat,0
0892.mat,0
0893.mat,0
0894.mat,0
0895.mat,0
0896.mat,0
0897.mat,0
0898.mat,0
0899.mat,0
0900.mat,0
0901.mat,0
0902.mat,0
0903.mat,0
0904.mat,0
0905.mat,0
0906.mat,0
0907.mat,0
0908.mat,0
0909.mat,0
0910.mat,1
0911.mat,0
0912.mat,1
0913.mat,0
0914.mat,0
0915.mat,0
0916.mat,1
0917.mat,0
0918.mat,0
0919.mat,0
0920.mat,0
0921.mat,0
0922.mat,0
0923.mat,0
0924.mat,0
0925.mat,0
0926.mat,0
0927.mat,0
0928.mat,0
0929.mat,0
0930.mat,0
0931.mat,0
0932.mat,0
0933.mat,1
0934.mat,0
0935.mat,0
0936.mat,0
0937.mat,0
0938.mat,0
0939.mat,0
0940.mat,0
0941.mat,1
0942.mat,1
0943.mat,1
0944.mat,1
0945.mat,0
0946.mat,0
0947.mat,0
0948.mat,1
0949.mat,0
0950.mat,0
0951.mat,0
0952.mat,0
0953.mat,0
0954.mat,0
0955.mat,0
0956.mat,1
0957.mat,0
0958.mat,0
0959.mat,0
0960.mat,0
0961.mat,0
0962.mat,0
0963.mat,0
0964.mat,0
0965.mat,0
0966.mat,0
0967.mat,0
0968.mat,0
0969.mat,0
0970.mat,1
0971.mat,0
0972.mat,0
0973.mat,0
0974.mat,0
0975.mat,0
0976.mat,0
0977.mat,0
0978.mat,0
0979.mat,0
0980.mat,0
0981.mat,0
0982.mat,0
0983.mat,0
0984.mat,0
0985.mat,0
0986.mat,0
0987.mat,0
0988.mat,0
0989.mat,0
0990.mat,0
0991.mat,1
0992.mat,0
0993.mat,0
0994.mat,0
0995.mat,1
0996.mat,0
0997.mat,1
0998.mat,0
0999.mat,0
1000.mat,0
1001.mat,0
1002.mat,0
1003.mat,0
1004.mat,0
1005.mat,0
1006.mat,0
1007.mat,0
1008.mat,0
1009.mat,0
1010.mat,0
1011.mat,0
1012.mat,0
1013.mat,0
1014.mat,0
1015.mat,0
1016.mat,0
1017.mat,0
1018.mat,0
1019.mat,0
1020.mat,0
1021.mat,0
1022.mat,0
1023.mat,0
1024.mat,1
1025.mat,0
1026.mat,0
1027.mat,0
1028.mat,0
1029.mat,1
1030.mat,0
1031.mat,0
1032.mat,0
1033.mat,0
1034.mat,0
1035.mat,0
1036.mat,0
1037.mat,0
1038.mat,0
1039.mat,0
1040.mat,0
1041.mat,0
1042.mat,0
1043.mat,0
1044.mat,0
1045.mat,0
1046.mat,1
1047.mat,0
1048.mat,0
1049.mat,0
1050.mat,1
1051.mat,0
1052.mat,0
1053.mat,0
1054.mat,0
1055.mat,0
1056.mat,0
1057.mat,0
1058.mat,0
1059.mat,0
1060.mat,1
1061.mat,0
1062.mat,0
1063.mat,0
1064.mat,0
1065.mat,0
1066.mat,0
1067.mat,1
1068.mat,0
1069.mat,0
1070.mat,1
1071.mat,0
1072.mat,0
1073.mat,0
1074.mat,0
1075.mat,0
1076.mat,0
1077.mat,0
1078.mat,0
1079.mat,0
1080.mat,0
1081.mat,0
1082.mat,0
1083.mat,0
1084.mat,1
1085.mat,0
1086.mat,0
1087.mat,0
1088.mat,0
1089.mat,0
1090.mat,0
1091.mat,0
1092.mat,0
1093.mat,0
1094.mat,0
1095.mat,0
1096.mat,0
1097.mat,0
1098.mat,0
1099.mat,0
1100.mat,1
1101.mat,0
1102.mat,0
1103.mat,0
1104.mat,0
1105.mat,0
1106.mat,0
1107.mat,0
1108.mat,0
1109.mat,1
1110.mat,0
1111.mat,0
1112.mat,1
1113.mat,0
1114.mat,0
1115.mat,0
1116.mat,0
1117.mat,1
1118.mat,0
1119.mat,1
1120.mat,0
1121.mat,1
1122.mat,0
1123.mat,0
1124.mat,0
1125.mat,0
1126.mat,0
1127.mat,0
1128.mat,0
1129.mat,0
1130.mat,0
1131.mat,0
1132.mat,0
1133.mat,0
1134.mat,0
1135.mat,0
1136.mat,0
1137.mat,0
1138.mat,0
1139.mat,0
1140.mat,0
1141.mat,0
1142.mat,0
1143.mat,0
1144.mat,0
1145.mat,0
1146.mat,0
1147.mat,0
1148.mat,0
1149.mat,0
1150.mat,0
1151.mat,0
1152.mat,0
1153.mat,0
1154.mat,0
1155.mat,0
1156.mat,0
1157.mat,0
1158.mat,0
1159.mat,0
1160.mat,0
1161.mat,0
1162.mat,1
1163.mat,0
1164.mat,1
1165.mat,1
1166.mat,0
1167.mat,0
1168.mat,0
1169.mat,0
1170.mat,0
1171.mat,0
1172.mat,0
1173.mat,0
1174.mat,0
1175.mat,0
1176.mat,0
1177.mat,0
1178.mat,1
1179.mat,0
1180.mat,1
1181.mat,0
1182.mat,0
1183.mat,0
1184.mat,0
1185.mat,0
1186.mat,0
1187.mat,0
1188.mat,0
1189.mat,0
1190.mat,1
1191.mat,0
1192.mat,0
1193.mat,0
1194.mat,0
1195.mat,0
1196.mat,0
1197.mat,0
1198.mat,0
1199.mat,0
1200.mat,0
1201.mat,1
1202.mat,1
1203.mat,1
1204.mat,0
1205.mat,0
1206.mat,0
1207.mat,0
1208.mat,0
1209.mat,0
1210.mat,0
1211.mat,0
1212.mat,0
1213.mat,0
1214.mat,0
1215.mat,0
1216.mat,0
1217.mat,0
1218.mat,0
1219.mat,0
1220.mat,0
1221.mat,0
1222.mat,0
1223.mat,0
1224.mat,0
1225.mat,0
1226.mat,0
1227.mat,0
1228.mat,0
1229.mat,0
1230.mat,0
1231.mat,0
1232.mat,1
1233.mat,0
1234.mat,1
1235.mat,0
1236.mat,0
1237.mat,0
1238.mat,0
1239.mat,0
1240.mat,1
1241.mat,0
1242.mat,1
1243.mat,0
1244.mat,0
1245.mat,0
1246.mat,0
1247.mat,0
1248.mat,0
1249.mat,0
1250.mat,0
1251.mat,1
1252.mat,0
1253.mat,1
1254.mat,0
1255.mat,0
1256.mat,0
1257.mat,1
1258.mat,0
1259.mat,0
1260.mat,0
1261.mat,1
1262.mat,1
1263.mat,0
1264.mat,0
1265.mat,1
1266.mat,0
1267.mat,0
1268.mat,0
1269.mat,0
1270.mat,0
1271.mat,0
1272.mat,0
1273.mat,0
1274.mat,0
1275.mat,0
1276.mat,0
1277.mat,0
1278.mat,0
1279.mat,1
1280.mat,0
1281.mat,1
1282.mat,0
1283.mat,0
1284.mat,0
1285.mat,1
1286.mat,0
1287.mat,0
1288.mat,0
1289.mat,0
1290.mat,1
1291.mat,0
1292.mat,0
1293.mat,0
1294.mat,0
1295.mat,0
1296.mat,0
1297.mat,0
1298.mat,0
1299.mat,0
1300.mat,0
1301.mat,0
1302.mat,0
1303.mat,0
1304.mat,0
1305.mat,0
1306.mat,1
1307.mat,0
1308.mat,0
1309.mat,1
1310.mat,0
1311.mat,0
1312.mat,1
1313.mat,0
1314.mat,1
1315.mat,0
1316.mat,0
1317.mat,0
1318.mat,0
1319.mat,0
1320.mat,0
1321.mat,0
1322.mat,1
1323.mat,0
1324.mat,0
1325.mat,1
1326.mat,0
1327.mat,0
1328.mat,0
1329.mat,0
1330.mat,0
1331.mat,0
1332.mat,0
1333.mat,0
1334.mat,0
1335.mat,0
1336.mat,1
1337.mat,0
1338.mat,0
1339.mat,0
1340.mat,0
1341.mat,0
1342.mat,1
1343.mat,0
1344.mat,0
1345.mat,0
1346.mat,1
1347.mat,0
1348.mat,0
1349.mat,0
1350.mat,0
1351.mat,0
1352.mat,0
1353.mat,0
1354.mat,0
1355.mat,0
1356.mat,0
1357.mat,1
1358.mat,1
1359.mat,0
1360.mat,0
1361.mat,0
1362.mat,0
1363.mat,1
1364.mat,0
1365.mat,0
1366.mat,0
1367.mat,0
1368.mat,0
1369.mat,0
1370.mat,0
1371.mat,0
1372.mat,0
1373.mat,0
1374.mat,0
1375.mat,0
1376.mat,1
1377.mat,0
1378.mat,0
1379.mat,0
1380.mat,0
1381.mat,0
1382.mat,0
1383.mat,0
1384.mat,0
1385.mat,0
1386.mat,0
1387.mat,0
1388.mat,0
1389.mat,0
1390.mat,0
1391.mat,0
1392.mat,0
1393.mat,0
1394.mat,0
1395.mat,0
1396.mat,0
1397.mat,0
1398.mat,1
1399.mat,0
1400.mat,0
1401.mat,0
1402.mat,0
1403.mat,1
1404.mat,0
1405.mat,0
1406.mat,0
1407.mat,0
1408.mat,1
1409.mat,0
1410.mat,0
1411.mat,0
1412.mat,0
1413.mat,1
1414.mat,0
1415.mat,0
1416.mat,0
1417.mat,0
1418.mat,0
1419.mat,0
1420.mat,0
1421.mat,0
1422.mat,0
1423.mat,0
1424.mat,0
1425.mat,0
1426.mat,0
1427.mat,1
1428.mat,0
1429.mat,0
1430.mat,0
1431.mat,0
1432.mat,0
1433.mat,0
1434.mat,0
1435.mat,0
1436.mat,0
1437.mat,0
1438.mat,0
1439.mat,0
1440.mat,0
1441.mat,0
1442.mat,1
1443.mat,0
1444.mat,0
1445.mat,0
1446.mat,0
1447.mat,1
1448.mat,0
1449.mat,0
1450.mat,0
1451.mat,0
1452.mat,0
1453.mat,1
1454.mat,0
1455.mat,0
1456.mat,0
1457.mat,0
1458.mat,0
1459.mat,0
1460.mat,0
1461.mat,0
1462.mat,1
1463.mat,0
1464.mat,0
1465.mat,0
1466.mat,0
1467.mat,0
1468.mat,0
1469.mat,0
1470.mat,0
1471.mat,0
1472.mat,0
1473.mat,1
1474.mat,0
1475.mat,0
1476.mat,0
1477.mat,1
1478.mat,0
1479.mat,0
1480.mat,0
1481.mat,0
1482.mat,1
1483.mat,1
1484.mat,0
1485.mat,0
1486.mat,0
1487.mat,0
1488.mat,0
1489.mat,1
1490.mat,0
1491.mat,0
1492.mat,0
1493.mat,0
1494.mat,0
1495.mat,0
1496.mat,0
1497.mat,0
1498.mat,0
1499.mat,1
1500.mat,0
1501.mat,0
1502.mat,0
1503.mat,0
1504.mat,0
1505.mat,0
1506.mat,0
1507.mat,0
1508.mat,0
1509.mat,1
1510.mat,0
1511.mat,1
1512.mat,0
1513.mat,0
1514.mat,1
1515.mat,1
1516.mat,0
1517.mat,0
1518.mat,0
1519.mat,0
1520.mat,0
1521.mat,1
1522.mat,0
1523.mat,0
1524.mat,0
1525.mat,0
1526.mat,0
1527.mat,0
1528.mat,0
1529.mat,0
1530.mat,0
1531.mat,0
1532.mat,0
1533.mat,0
1534.mat,0
1535.mat,0
1536.mat,0
1537.mat,0
1538.mat,0
1539.mat,1
1540.mat,0
1541.mat,1
1542.mat,1
1543.mat,1
1544.mat,1
1545.mat,0
1546.mat,0
1547.mat,1
1548.mat,0
1549.mat,0
1550.mat,0
1551.mat,0
1552.mat,0
1553.mat,0
1554.mat,1
1555.mat,0
1556.mat,1
1557.mat,0
1558.mat,0
1559.mat,0
1560.mat,0
1561.mat,0
1562.mat,0
1563.mat,0
1564.mat,0
1565.mat,0
1566.mat,0
1567.mat,0
1568.mat,0
1569.mat,0
1570.mat,0
1571.mat,1
1572.mat,0
1573.mat,0
1574.mat,0
1575.mat,0
1576.mat,0
1577.mat,0
1578.mat,1
1579.mat,0
1580.mat,0
1581.mat,0
1582.mat,0
1583.mat,0
1584.mat,0
1585.mat,0
1586.mat,0
1587.mat,0
1588.mat,0
1589.mat,0
1590.mat,0
1591.mat,0
1592.mat,0
1593.mat,0
1594.mat,0
1595.mat,1
1596.mat,0
1597.mat,0
1598.mat,0
1599.mat,0
1600.mat,0
1601.mat,0
1602.mat,0
1603.mat,0
1604.mat,0
1605.mat,1
1606.mat,0
1607.mat,0
1608.mat,0
1609.mat,0
1610.mat,0
1611.mat,0
1612.mat,0
1613.mat,0
1614.mat,0
1615.mat,1
1616.mat,0
1617.mat,0
1618.mat,0
1619.mat,0
1620.mat,0
1621.mat,0
1622.mat,0
1623.mat,0
1624.mat,0
1625.mat,1
1626.mat,0
1627.mat,0
1628.mat,0
1629.mat,0
1630.mat,0
1631.mat,0
1632.mat,0
1633.mat,0
1634.mat,0
1635.mat,0
1636.mat,0
1637.mat,0
1638.mat,0
1639.mat,0
1640.mat,0
1641.mat,0
1642.mat,0
1643.mat,0
1644.mat,1
1645.mat,0
1646.mat,0
1647.mat,0
1648.mat,0
1649.mat,0
1650.mat,0
1651.mat,0
1652.mat,0
1653.mat,0
1654.mat,1
1655.mat,1
1656.mat,0
1657.mat,0
1658.mat,0
1659.mat,0
1660.mat,0
1661.mat,0
1662.mat,0
1663.mat,0
1664.mat,0
1665.mat,0
1666.mat,0
1667.mat,0
1668.mat,0
1669.mat,0
1670.mat,0
1671.mat,0
1672.mat,0
1673.mat,0
1674.mat,0
1675.mat,0
1676.mat,1
1677.mat,0
1678.mat,0
1679.mat,1
1680.mat,1
1681.mat,1
1682.mat,0
1683.mat,0
1684.mat,1
1685.mat,1
1686.mat,0
1687.mat,0
1688.mat,0
1689.mat,0
1690.mat,1
1691.mat,0
1692.mat,0
1693.mat,0
1694.mat,0
1695.mat,0
1696.mat,0
1697.mat,0
1698.mat,0
1699.mat,0
1700.mat,0
1701.mat,0
1702.mat,0
1703.mat,0
1704.mat,0
1705.mat,0
1706.mat,1
1707.mat,0
1708.mat,0
1709.mat,0
1710.mat,1
1711.mat,0
1712.mat,0
1713.mat,0
1714.mat,0
1715.mat,0
1716.mat,1
1717.mat,0
1718.mat,1
1719.mat,0
1720.mat,1
1721.mat,0
1722.mat,0
1723.mat,0
1724.mat,0
1725.mat,0
1726.mat,0
1727.mat,0
1728.mat,0
1729.mat,0
1730.mat,0
1731.mat,0
1732.mat,0
1733.mat,0
1734.mat,0
1735.mat,0
1736.mat,1
1737.mat,0
1738.mat,0
1739.mat,0
1740.mat,0
1741.mat,0
1742.mat,0
1743.mat,0
1744.mat,0
1745.mat,0
1746.mat,0
1747.mat,0
1748.mat,0
1749.mat,0
1750.mat,0
1751.mat,0
1752.mat,0
1753.mat,0
1754.mat,0
1755.mat,0
1756.mat,0
1757.mat,0
1758.mat,0
1759.mat,1
1760.mat,0
1761.mat,0
1762.mat,0
1763.mat,0
1764.mat,0
1765.mat,1
1766.mat,0
1767.mat,0
1768.mat,1
1769.mat,0
1770.mat,0
1771.mat,0
1772.mat,1
1773.mat,0
1774.mat,1
1775.mat,0
1776.mat,0
1777.mat,0
1778.mat,0
1779.mat,0
1780.mat,0
1781.mat,0
1782.mat,0
1783.mat,0
1784.mat,0
1785.mat,0
1786.mat,0
1787.mat,0
1788.mat,0
1789.mat,0
1790.mat,1
1791.mat,1
1792.mat,0
1793.mat,0
1794.mat,0
1795.mat,0
1796.mat,0
1797.mat,0
1798.mat,1
1799.mat,1
1800.mat,0
1801.mat,0
1802.mat,1
1803.mat,0
1804.mat,0
1805.mat,0
1806.mat,1
1807.mat,0
1808.mat,0
1809.mat,0
1810.mat,0
1811.mat,0
1812.mat,0
1813.mat,0
1814.mat,0
1815.mat,0
1816.mat,0
1817.mat,0
1818.mat,0
1819.mat,1
1820.mat,0
1821.mat,0
1822.mat,0
1823.mat,0
1824.mat,0
1825.mat,1
1826.mat,0
1827.mat,0
1828.mat,0
1829.mat,0
1830.mat,1
1831.mat,0
1832.mat,0
1833.mat,0
1834.mat,0
1835.mat,0
1836.mat,0
1837.mat,0
1838.mat,0
1839.mat,0
1840.mat,0
1841.mat,1
1842.mat,0
1843.mat,0
1844.mat,1
1845.mat,0
1846.mat,0
1847.mat,1
1848.mat,1
1849.mat,0
1850.mat,0
1851.mat,0
1852.mat,0
1853.mat,0
1854.mat,0
1855.mat,1
1856.mat,0
1857.mat,0
1858.mat,1
1859.mat,0
1860.mat,0
1861.mat,0
1862.mat,0
1863.mat,0
1864.mat,0
1865.mat,0
1866.mat,0
1867.mat,0
1868.mat,0
1869.mat,0
1870.mat,0
1871.mat,0
1872.mat,0
1873.mat,0
1874.mat,0
1875.mat,0
1876.mat,0
1877.mat,0
1878.mat,0
1879.mat,0
1880.mat,0
1881.mat,0
1882.mat,0
1883.mat,1
1884.mat,0
1885.mat,0
1886.mat,0
1887.mat,0
1888.mat,0
1889.mat,0
1890.mat,0
1891.mat,0
1892.mat,0
1893.mat,0
1894.mat,0
1895.mat,0
1896.mat,0
1897.mat,0
1898.mat,0
1899.mat,1
1900.mat,1
1901.mat,0
1902.mat,1
1903.mat,1
1904.mat,0
1905.mat,0
1906.mat,0
1907.mat,0
1908.mat,0
1909.mat,0
1910.mat,0
1911.mat,1
1912.mat,0
1913.mat,0
1914.mat,0
1915.mat,0
1916.mat,1
1917.mat,0
1918.mat,1
1919.mat,0
1920.mat,0
1921.mat,1
1922.mat,0
1923.mat,0
1924.mat,0
1925.mat,0
1926.mat,0
1927.mat,0
1928.mat,0
1929.mat,1
1930.mat,0
1931.mat,0
1932.mat,0
1933.mat,0
1934.mat,0
1935.mat,0
1936.mat,0
1937.mat,0
1938.mat,0
1939.mat,0
1940.mat,1
1941.mat,0
1942.mat,0
1943.mat,0
1944.mat,0
1945.mat,1
1946.mat,0
1947.mat,0
1948.mat,0
1949.mat,0
1950.mat,0
1951.mat,0
1952.mat,0
1953.mat,0
1954.mat,0
1955.mat,1
1956.mat,0
1957.mat,0
1958.mat,0
1959.mat,0
1960.mat,0
1961.mat,0
1962.mat,0
1963.mat,0
1964.mat,0
1965.mat,0
1966.mat,0
1967.mat,0
1968.mat,0
1969.mat,0
1970.mat,0
1971.mat,0
1972.mat,0
1973.mat,0
1974.mat,0
1975.mat,0
1976.mat,0
1977.mat,0
1978.mat,0
1979.mat,0
1980.mat,0
1981.mat,0
1982.mat,0
1983.mat,0
1984.mat,0
1985.mat,0
1986.mat,0
1987.mat,0
1988.mat,0
1989.mat,0
1990.mat,0
1991.mat,0
1992.mat,0
1993.mat,0
1994.mat,0
1995.mat,0
1996.mat,0
1997.mat,0
1998.mat,0
1999.mat,0
2000.mat,0
2001.mat,1
2002.mat,0
2003.mat,0
2004.mat,0
2005.mat,0
2006.mat,0
2007.mat,0
2008.mat,0
2009.mat,0
2010.mat,0
2011.mat,0
2012.mat,0
2013.mat,0
2014.mat,0
2015.mat,0
2016.mat,0
2017.mat,0
2018.mat,0
2019.mat,1
2020.mat,0
2021.mat,0
2022.mat,0
2023.mat,1
2024.mat,1
2025.mat,0
2026.mat,0
2027.mat,0
2028.mat,0
2029.mat,0
2030.mat,0
2031.mat,0
2032.mat,0
2033.mat,0
2034.mat,0
2035.mat,0
2036.mat,0
2037.mat,1
2038.mat,1
2039.mat,0
2040.mat,0
2041.mat,1
2042.mat,0
2043.mat,0
2044.mat,0
2045.mat,0
2046.mat,0
2047.mat,0
2048.mat,0
2049.mat,0
2050.mat,0
2051.mat,0
2052.mat,0
2053.mat,0
2054.mat,0
2055.mat,1
2056.mat,1
2057.mat,0
2058.mat,0
2059.mat,0
2060.mat,0
2061.mat,0
2062.mat,0
2063.mat,0
2064.mat,0
2065.mat,0
2066.mat,0
2067.mat,0
2068.mat,0
2069.mat,0
2070.mat,0
2071.mat,0
2072.mat,0
2073.mat,1
2074.mat,0
2075.mat,0
2076.mat,0
2077.mat,0
2078.mat,1
2079.mat,0
2080.mat,0
2081.mat,0
2082.mat,0
2083.mat,0
2084.mat,0
2085.mat,0
2086.mat,0
2087.mat,0
2088.mat,0
2089.mat,0
2090.mat,1
2091.mat,0
2092.mat,0
2093.mat,0
2094.mat,0
2095.mat,0
2096.mat,0
2097.mat,0
2098.mat,0
2099.mat,0
2100.mat,0
2101.mat,0
2102.mat,0
2103.mat,0
2104.mat,0
2105.mat,0
2106.mat,0
2107.mat,0
2108.mat,0
2109.mat,0
2110.mat,0
2111.mat,0
2112.mat,0
2113.mat,0
2114.mat,0
2115.mat,0
2116.mat,1
2117.mat,0
2118.mat,0
2119.mat,0
2120.mat,0
2121.mat,0
2122.mat,0
2123.mat,0
2124.mat,1
2125.mat,0
2126.mat,0
2127.mat,0
2128.mat,0
2129.mat,0
2130.mat,0
2131.mat,0
2132.mat,0
2133.mat,0
2134.mat,1
2135.mat,0
2136.mat,0
2137.mat,0
2138.mat,0
2139.mat,0
2140.mat,0
2141.mat,0
2142.mat,0
2143.mat,0
2144.mat,0
2145.mat,0
2146.mat,0
2147.mat,0
2148.mat,0
2149.mat,0
2150.mat,0
2151.mat,0
2152.mat,1
2153.mat,0
2154.mat,0
2155.mat,0
2156.mat,0
2157.mat,1
2158.mat,0
2159.mat,0
2160.mat,0
2161.mat,0
2162.mat,0
2163.mat,0
2164.mat,0
2165.mat,0
2166.mat,0
2167.mat,0
2168.mat,0
2169.mat,0
2170.mat,0
2171.mat,0
2172.mat,0
2173.mat,0
2174.mat,0
2175.mat,0
2176.mat,0
2177.mat,0
2178.mat,0
2179.mat,1
2180.mat,0
2181.mat,0
2182.mat,0
2183.mat,0
2184.mat,0
2185.mat,0
2186.mat,0
2187.mat,0
2188.mat,0
2189.mat,0
2190.mat,0
2191.mat,0
2192.mat,0
2193.mat,0
2194.mat,0
2195.mat,0
2196.mat,0
2197.mat,1
2198.mat,0
2199.mat,0
2200.mat,0
2201.mat,1
2202.mat,0
2203.mat,0
2204.mat,0
2205.mat,0
2206.mat,0
2207.mat,1
2208.mat,0
2209.mat,0
2210.mat,0
2211.mat,0
2212.mat,0
2213.mat,0
2214.mat,0
2215.mat,0
2216.mat,1
2217.mat,0
2218.mat,0
2219.mat,0
2220.mat,0
2221.mat,0
2222.mat,0
2223.mat,0
2224.mat,0
2225.mat,0
2226.mat,1
2227.mat,1
2228.mat,0
2229.mat,0
2230.mat,0
2231.mat,0
2232.mat,0
2233.mat,0
2234.mat,0
2235.mat,0
2236.mat,0
2237.mat,0
2238.mat,0
2239.mat,1
2240.mat,0
2241.mat,0
2242.mat,0
2243.mat,0
2244.mat,0
2245.mat,0
2246.mat,0
2247.mat,0
2248.mat,0
2249.mat,0
2250.mat,0
2251.mat,0
2252.mat,0
2253.mat,0
2254.mat,0
2255.mat,0
2256.mat,0
2257.mat,0
2258.mat,0
2259.mat,0
2260.mat,0
2261.mat,0
2262.mat,0
2263.mat,0
2264.mat,0
2265.mat,1
2266.mat,1
2267.mat,1
2268.mat,0
2269.mat,0
2270.mat,0
2271.mat,0
2272.mat,0
2273.mat,1
2274.mat,0
2275.mat,0
2276.mat,0
2277.mat,0
2278.mat,0
2279.mat,0
2280.mat,0
2281.mat,0
2282.mat,0
2283.mat,0
2284.mat,0
2285.mat,0
2286.mat,0
2287.mat,0
2288.mat,0
2289.mat,1
2290.mat,1
2291.mat,1
2292.mat,0
2293.mat,0
2294.mat,0
2295.mat,0
2296.mat,0
2297.mat,0
2298.mat,1
2299.mat,0
2300.mat,0
2301.mat,0
2302.mat,0
2303.mat,0
2304.mat,0
2305.mat,1
2306.mat,1
2307.mat,0
2308.mat,0
2309.mat,0
2310.mat,0
2311.mat,1
2312.mat,0
2313.mat,0
2314.mat,0
2315.mat,0
2316.mat,0
2317.mat,0
2318.mat,1
2319.mat,0
2320.mat,0
2321.mat,0
2322.mat,0
2323.mat,0
2324.mat,0
2325.mat,0
2326.mat,0
2327.mat,1
2328.mat,0
2329.mat,0
2330.mat,0
2331.mat,0
2332.mat,0
2333.mat,0
2334.mat,1
2335.mat,0
2336.mat,0
2337.mat,0
2338.mat,0
2339.mat,0
2340.mat,0
2341.mat,0
2342.mat,0
2343.mat,0
2344.mat,0
2345.mat,0
2346.mat,0
2347.mat,0
2348.mat,0
2349.mat,0
2350.mat,0
2351.mat,0
2352.mat,0
2353.mat,0
2354.mat,0
2355.mat,0
2356.mat,0
2357.mat,0
2358.mat,0
2359.mat,0
2360.mat,0
2361.mat,0
2362.mat,0
2363.mat,0
2364.mat,0
2365.mat,0
2366.mat,0
2367.mat,0
2368.mat,0
2369.mat,1
2370.mat,0
2371.mat,0
2372.mat,0
2373.mat,0
2374.mat,1
2375.mat,0
2376.mat,0
2377.mat,1
2378.mat,0
2379.mat,1
2380.mat,0
2381.mat,1
2382.mat,1
2383.mat,1
2384.mat,0
2385.mat,0
2386.mat,0
2387.mat,0
2388.mat,0
2389.mat,0
2390.mat,0
2391.mat,0
2392.mat,0
2393.mat,0
2394.mat,0
2395.mat,0
2396.mat,1
2397.mat,1
2398.mat,0
2399.mat,0
2400.mat,0
2401.mat,0
2402.mat,0
2403.mat,0
2404.mat,0
2405.mat,0
2406.mat,0
2407.mat,0
2408.mat,0
2409.mat,0
2410.mat,0
2411.mat,0
2412.mat,0
2413.mat,0
2414.mat,0
2415.mat,1
2416.mat,0
2417.mat,0
2418.mat,0
2419.mat,0
2420.mat,0
2421.mat,0
2422.mat,1
2423.mat,0
2424.mat,1
2425.mat,0
2426.mat,1
2427.mat,0
2428.mat,0
2429.mat,0
2430.mat,0
2431.mat,0
2432.mat,0
2433.mat,0
2434.mat,0
2435.mat,1
2436.mat,1
2437.mat,0
2438.mat,0
2439.mat,1
2440.mat,0
2441.mat,0
2442.mat,1
2443.mat,1
2444.mat,0
2445.mat,0
2446.mat,0
2447.mat,0
2448.mat,0
2449.mat,0
2450.mat,0
2451.mat,0
2452.mat,0
2453.mat,0
2454.mat,0
2455.mat,1
2456.mat,1
2457.mat,1
2458.mat,0
2459.mat,0
2460.mat,0
2461.mat,0
2462.mat,0
2463.mat,0
2464.mat,0
2465.mat,0
2466.mat,0
2467.mat,0
2468.mat,0
2469.mat,1
2470.mat,0
2471.mat,0
2472.mat,0
2473.mat,1
2474.mat,0
2475.mat,0
2476.mat,0
2477.mat,1
2478.mat,0
2479.mat,0
2480.mat,0
2481.mat,1
2482.mat,0
2483.mat,0
2484.mat,0
2485.mat,0
2486.mat,0
2487.mat,0
2488.mat,0
2489.mat,0
2490.mat,0
2491.mat,0
2492.mat,0
2493.mat,0
2494.mat,0
2495.mat,0
2496.mat,0
2497.mat,0
2498.mat,1
2499.mat,0
2500.mat,0
2501.mat,0
2502.mat,0
2503.mat,1
2504.mat,0
2505.mat,1
2506.mat,0
2507.mat,1
2508.mat,0
2509.mat,0
2510.mat,0
2511.mat,0
2512.mat,0
2513.mat,1
2514.mat,0
2515.mat,1
2516.mat,0
2517.mat,0
2518.mat,0
2519.mat,1
2520.mat,0
2521.mat,1
2522.mat,0
2523.mat,0
2524.mat,0
2525.mat,1
2526.mat,0
2527.mat,0
2528.mat,0
2529.mat,0
2530.mat,0
2531.mat,0
2532.mat,1
2533.mat,0
2534.mat,0
2535.mat,1
2536.mat,0
2537.mat,0
2538.mat,0
2539.mat,0
2540.mat,0
2541.mat,0
2542.mat,0
2543.mat,0
2544.mat,0
2545.mat,0
2546.mat,0
2547.mat,0
2548.mat,0
2549.mat,0
2550.mat,0
2551.mat,0
2552.mat,1
2553.mat,0
2554.mat,0
2555.mat,1
2556.mat,0
2557.mat,0
2558.mat,0
2559.mat,0
2560.mat,0
2561.mat,0
2562.mat,0
2563.mat,0
2564.mat,0
2565.mat,1
2566.mat,0
2567.mat,0
2568.mat,0
2569.mat,0
2570.mat,1
2571.mat,0
2572.mat,1
2573.mat,0
2574.mat,1
2575.mat,0
2576.mat,0
2577.mat,0
2578.mat,0
2579.mat,0
2580.mat,1
2581.mat,1
2582.mat,0
2583.mat,0
2584.mat,0
2585.mat,1
2586.mat,0
2587.mat,0
2588.mat,0
2589.mat,0
2590.mat,0
2591.mat,0
2592.mat,0
2593.mat,0
2594.mat,0
2595.mat,0
2596.mat,0
2597.mat,0
2598.mat,0
2599.mat,0
2600.mat,0
2601.mat,0
2602.mat,1
2603.mat,0
2604.mat,1
2605.mat,0
2606.mat,0
2607.mat,1
2608.mat,0
2609.mat,1
2610.mat,0
2611.mat,0
2612.mat,0
2613.mat,0
2614.mat,1
2615.mat,0
2616.mat,0
2617.mat,1
2618.mat,0
2619.mat,0
2620.mat,0
2621.mat,0
2622.mat,0
2623.mat,0
2624.mat,0
2625.mat,0
2626.mat,0
2627.mat,0
2628.mat,0
2629.mat,0
2630.mat,0
2631.mat,1
2632.mat,0
2633.mat,0
2634.mat,0
2635.mat,0
2636.mat,0
2637.mat,0
2638.mat,0
2639.mat,0
2640.mat,0
2641.mat,0
2642.mat,0
2643.mat,1
2644.mat,0
2645.mat,0
2646.mat,0
2647.mat,0
2648.mat,1
2649.mat,0
2650.mat,0
2651.mat,0
2652.mat,0
2653.mat,0
2654.mat,0
2655.mat,0
2656.mat,0
2657.mat,0
2658.mat,0
2659.mat,0
2660.mat,0
2661.mat,0
2662.mat,0
2663.mat,0
2664.mat,0
2665.mat,0
2666.mat,0
2667.mat,0
2668.mat,0
2669.mat,0
2670.mat,0
2671.mat,0
2672.mat,0
2673.mat,0
2674.mat,0
2675.mat,0
2676.mat,0
2677.mat,0
2678.mat,1
2679.mat,1
2680.mat,0
2681.mat,0
2682.mat,0
2683.mat,0
2684.mat,1
2685.mat,0
2686.mat,0
2687.mat,0
2688.mat,1
2689.mat,0
2690.mat,0
2691.mat,0
2692.mat,0
2693.mat,0
2694.mat,0
2695.mat,1
2696.mat,1
2697.mat,0
2698.mat,0
2699.mat,1
2700.mat,0
2701.mat,0
2702.mat,0
2703.mat,0
2704.mat,0
2705.mat,0
2706.mat,0
2707.mat,0
2708.mat,0
2709.mat,0
2710.mat,0
2711.mat,0
2712.mat,1
2713.mat,1
2714.mat,0
2715.mat,0
2716.mat,0
2717.mat,0
2718.mat,1
2719.mat,0
2720.mat,1
2721.mat,0
2722.mat,0
2723.mat,0
2724.mat,0
2725.mat,0
2726.mat,0
2727.mat,0
2728.mat,0
2729.mat,0
2730.mat,1
2731.mat,0
2732.mat,0
2733.mat,0
2734.mat,0
2735.mat,0
2736.mat,0
2737.mat,0
2738.mat,0
2739.mat,0
2740.mat,0
2741.mat,0
2742.mat,0
2743.mat,1
2744.mat,0
2745.mat,0
2746.mat,0
2747.mat,0
2748.mat,0
2749.mat,0
2750.mat,0
2751.mat,0
2752.mat,0
2753.mat,1
2754.mat,0
2755.mat,0
2756.mat,0
2757.mat,0
2758.mat,0
2759.mat,0
2760.mat,0
2761.mat,0
2762.mat,0
2763.mat,0
2764.mat,0
2765.mat,0
2766.mat,1
2767.mat,0
2768.mat,0
2769.mat,0
2770.mat,1
2771.mat,0
2772.mat,0
2773.mat,1
2774.mat,0
2775.mat,0
2776.mat,0
2777.mat,1
2778.mat,0
2779.mat,0
2780.mat,0
2781.mat,0
2782.mat,1
2783.mat,0
2784.mat,0
2785.mat,0
2786.mat,0
2787.mat,0
2788.mat,0
2789.mat,0
2790.mat,0
2791.mat,0
2792.mat,0
2793.mat,0
2794.mat,0
2795.mat,0
2796.mat,1
2797.mat,0
2798.mat,0
2799.mat,0
2800.mat,0
2801.mat,0
2802.mat,0
2803.mat,0
2804.mat,0
2805.mat,0
2806.mat,0
2807.mat,0
2808.mat,0
2809.mat,0
2810.mat,0
2811.mat,0
2812.mat,1
2813.mat,0
2814.mat,0
2815.mat,0
2816.mat,0
2817.mat,1
2818.mat,0
2819.mat,0
2820.mat,0
2821.mat,0
2822.mat,0
2823.mat,1
2824.mat,0
2825.mat,0
2826.mat,0
2827.mat,0
2828.mat,0
2829.mat,0
2830.mat,1
2831.mat,0
2832.mat,1
2833.mat,0
2834.mat,0
2835.mat,1
2836.mat,0
2837.mat,1
2838.mat,0
2839.mat,0
2840.mat,0
2841.mat,0
2842.mat,1
2843.mat,1
2844.mat,0
2845.mat,0
2846.mat,1
2847.mat,0
2848.mat,0
2849.mat,0
2850.mat,0
2851.mat,0
2852.mat,0
2853.mat,0
2854.mat,0
2855.mat,0
2856.mat,0
2857.mat,0
2858.mat,1
2859.mat,1
2860.mat,0
2861.mat,0
2862.mat,0
2863.mat,0
2864.mat,0
2865.mat,0
2866.mat,0
2867.mat,0
2868.mat,1
2869.mat,0
2870.mat,0
2871.mat,0
2872.mat,0
2873.mat,0
2874.mat,0
2875.mat,0
2876.mat,0
2877.mat,1
2878.mat,0
2879.mat,0
2880.mat,0
2881.mat,0
2882.mat,0
2883.mat,0
2884.mat,1
2885.mat,0
2886.mat,0
2887.mat,0
2888.mat,0
2889.mat,0
2890.mat,0
2891.mat,0
2892.mat,0
2893.mat,0
2894.mat,0
2895.mat,0
2896.mat,0
2897.mat,0
2898.mat,0
2899.mat,0
2900.mat,1
2901.mat,0
2902.mat,0
2903.mat,0
2904.mat,0
2905.mat,0
2906.mat,0
2907.mat,0
2908.mat,0
2909.mat,0
2910.mat,0
2911.mat,0
2912.mat,1
2913.mat,0
2914.mat,0
2915.mat,1
2916.mat,0
2917.mat,0
2918.mat,1
2919.mat,0
2920.mat,0
2921.mat,0
2922.mat,0
2923.mat,0
2924.mat,0
2925.mat,0
2926.mat,0
2927.mat,0
2928.mat,0
2929.mat,0
2930.mat,0
2931.mat,0
2932.mat,0
2933.mat,0
2934.mat,0
2935.mat,1
2936.mat,0
2937.mat,0
2938.mat,0
2939.mat,0
2940.mat,0
2941.mat,1
2942.mat,0
2943.mat,1
2944.mat,0
2945.mat,0
2946.mat,0
2947.mat,0
2948.mat,0
2949.mat,1
2950.mat,0
2951.mat,0
2952.mat,0
2953.mat,0
2954.mat,0
2955.mat,0
2956.mat,0
2957.mat,0
2958.mat,0
2959.mat,0
2960.mat,0
2961.mat,0
2962.mat,0
2963.mat,0
2964.mat,1
2965.mat,0
2966.mat,0
2967.mat,0
2968.mat,1
2969.mat,0
2970.mat,0
2971.mat,0
2972.mat,0
2973.mat,1
2974.mat,0
2975.mat,0
2976.mat,0
2977.mat,0
2978.mat,0
2979.mat,0
2980.mat,0
2981.mat,0
2982.mat,0
2983.mat,1
2984.mat,0
2985.mat,0
2986.mat,1
2987.mat,1
2988.mat,0
2989.mat,0
2990.mat,0
2991.mat,0
2992.mat,0
2993.mat,0
2994.mat,1
2995.mat,0
2996.mat,0
2997.mat,0
2998.mat,0
2999.mat,0
3000.mat,1
3001.mat,1
3002.mat,0
3003.mat,0
3004.mat,1
3005.mat,0
3006.mat,1
3007.mat,0
3008.mat,0
3009.mat,0
3010.mat,0
3011.mat,1
3012.mat,0
3013.mat,0
3014.mat,1
3015.mat,0
3016.mat,0
3017.mat,0
3018.mat,1
3019.mat,0
3020.mat,0
3021.mat,0
3022.mat,0
3023.mat,0
3024.mat,0
3025.mat,0
3026.mat,0
3027.mat,0
3028.mat,0
3029.mat,0
3030.mat,0
3031.mat,0
3032.mat,0
3033.mat,0
3034.mat,0
3035.mat,0
3036.mat,0
3037.mat,0
3038.mat,0
3039.mat,0
3040.mat,0
3041.mat,0
3042.mat,0
3043.mat,0
3044.mat,1
3045.mat,0
3046.mat,0
3047.mat,0
3048.mat,0
3049.mat,0
3050.mat,0
3051.mat,0
3052.mat,0
3053.mat,0
3054.mat,0
3055.mat,0
3056.mat,0
3057.mat,1
3058.mat,0
3059.mat,0
3060.mat,0
3061.mat,0
3062.mat,0
3063.mat,0
3064.mat,0
3065.mat,0
3066.mat,0
3067.mat,0
3068.mat,0
3069.mat,0
3070.mat,1
3071.mat,0
3072.mat,0
3073.mat,0
3074.mat,0
3075.mat,0
3076.mat,0
3077.mat,0
3078.mat,0
3079.mat,0
3080.mat,0
3081.mat,0
3082.mat,0
3083.mat,0
3084.mat,0
3085.mat,1
3086.mat,1
3087.mat,0
3088.mat,1
3089.mat,1
3090.mat,0
3091.mat,1
3092.mat,0
3093.mat,0
3094.mat,0
3095.mat,1
3096.mat,0
3097.mat,1
3098.mat,0
3099.mat,0
3100.mat,0
3101.mat,1
3102.mat,0
3103.mat,0
3104.mat,1
3105.mat,0
3106.mat,0
3107.mat,0
3108.mat,0
3109.mat,0
3110.mat,0
3111.mat,0
3112.mat,0
3113.mat,0
3114.mat,0
3115.mat,0
3116.mat,0
3117.mat,1
3118.mat,0
3119.mat,1
3120.mat,1
3121.mat,0
3122.mat,0
3123.mat,1
3124.mat,0
3125.mat,0
3126.mat,0
3127.mat,0
3128.mat,0
3129.mat,0
3130.mat,1
3131.mat,0
3132.mat,0
3133.mat,1
3134.mat,0
3135.mat,0
3136.mat,0
3137.mat,0
3138.mat,0
3139.mat,0
3140.mat,0
3141.mat,0
3142.mat,0
3143.mat,1
3144.mat,0
3145.mat,0
3146.mat,0
3147.mat,0
3148.mat,0
3149.mat,0
3150.mat,0
3151.mat,0
3152.mat,0
3153.mat,0
3154.mat,0
3155.mat,0
3156.mat,0
3157.mat,0
3158.mat,0
3159.mat,0
3160.mat,0
3161.mat,0
3162.mat,0
3163.mat,0
3164.mat,1
3165.mat,0
3166.mat,1
3167.mat,0
3168.mat,1
3169.mat,0
3170.mat,0
3171.mat,0
3172.mat,0
3173.mat,0
3174.mat,1
3175.mat,0
3176.mat,0
3177.mat,0
3178.mat,0
3179.mat,0
3180.mat,0
3181.mat,1
3182.mat,0
3183.mat,0
3184.mat,0
3185.mat,0
3186.mat,0
3187.mat,0
3188.mat,0
3189.mat,1
3190.mat,0
3191.mat,0
3192.mat,0
3193.mat,0
3194.mat,0
3195.mat,0
3196.mat,0
3197.mat,0
3198.mat,0
3199.mat,1
3200.mat,0
3201.mat,0
3202.mat,0
3203.mat,0
3204.mat,0
3205.mat,0
3206.mat,0
3207.mat,0
3208.mat,0
3209.mat,0
3210.mat,0
3211.mat,0
3212.mat,0
3213.mat,0
3214.mat,0
3215.mat,0
3216.mat,0
3217.mat,0
3218.mat,0
3219.mat,0
3220.mat,0
3221.mat,0
3222.mat,0
3223.mat,0
3224.mat,0
3225.mat,0
3226.mat,0
3227.mat,0
3228.mat,0
3229.mat,0
3230.mat,0
3231.mat,0
3232.mat,0
3233.mat,0
3234.mat,0
3235.mat,0
3236.mat,0
3237.mat,0
3238.mat,0
3239.mat,0
3240.mat,0
3241.mat,0
3242.mat,0
3243.mat,0
3244.mat,0
3245.mat,0
3246.mat,0
3247.mat,1
3248.mat,0
3249.mat,0
3250.mat,0
3251.mat,0
3252.mat,0
3253.mat,0
3254.mat,0
3255.mat,0
3256.mat,0
3257.mat,0
3258.mat,0
3259.mat,0
3260.mat,0
3261.mat,0
3262.mat,0
3263.mat,0
3264.mat,0
3265.mat,1
3266.mat,0
3267.mat,0
3268.mat,1
3269.mat,0
3270.mat,0
3271.mat,0
3272.mat,1
3273.mat,0
3274.mat,0
3275.mat,0
3276.mat,0
3277.mat,1
3278.mat,1
3279.mat,0
3280.mat,0
3281.mat,0
3282.mat,1
3283.mat,0
3284.mat,0
3285.mat,0
3286.mat,0
3287.mat,0
3288.mat,0
3289.mat,0
3290.mat,0
3291.mat,0
3292.mat,0
3293.mat,0
3294.mat,0
3295.mat,0
3296.mat,0
3297.mat,0
3298.mat,0
3299.mat,1
3300.mat,0
3301.mat,0
3302.mat,0
3303.mat,1
3304.mat,0
3305.mat,0
3306.mat,0
3307.mat,0
3308.mat,1
3309.mat,0
3310.mat,0
3311.mat,0
3312.mat,0
3313.mat,0
3314.mat,0
3315.mat,1
3316.mat,0
3317.mat,1
3318.mat,0
3319.mat,1
3320.mat,0
3321.mat,1
3322.mat,0
3323.mat,1
3324.mat,0
3325.mat,0
3326.mat,0
3327.mat,0
3328.mat,0
3329.mat,0
3330.mat,0
3331.mat,0
3332.mat,0
3333.mat,0
3334.mat,0
3335.mat,0
3336.mat,0
3337.mat,0
3338.mat,1
3339.mat,0
3340.mat,0
3341.mat,0
3342.mat,0
3343.mat,0
3344.mat,0
3345.mat,0
3346.mat,0
3347.mat,0
3348.mat,0
3349.mat,0
3350.mat,0
3351.mat,0
3352.mat,0
3353.mat,0
3354.mat,1
3355.mat,0
3356.mat,0
3357.mat,0
3358.mat,1
3359.mat,0
3360.mat,1
3361.mat,0
3362.mat,0
3363.mat,0
3364.mat,0
3365.mat,0
3366.mat,0
3367.mat,0
3368.mat,1
3369.mat,0
3370.mat,0
3371.mat,0
3372.mat,0
3373.mat,0
3374.mat,1
3375.mat,1
3376.mat,0
3377.mat,0
3378.mat,0
3379.mat,1
3380.mat,0
3381.mat,0
3382.mat,0
3383.mat,0
3384.mat,0
3385.mat,0
3386.mat,0
3387.mat,0
3388.mat,0
3389.mat,0
3390.mat,1
3391.mat,1
3392.mat,0
3393.mat,0
3394.mat,0
3395.mat,0
3396.mat,0
3397.mat,0
3398.mat,0
3399.mat,0
3400.mat,0
3401.mat,0
3402.mat,0
3403.mat,0
3404.mat,1
3405.mat,0
3406.mat,0
3407.mat,1
3408.mat,0
3409.mat,0
3410.mat,0
3411.mat,0
3412.mat,0
3413.mat,0
3414.mat,0
3415.mat,0
3416.mat,0
3417.mat,0
3418.mat,1
3419.mat,0
3420.mat,0
3421.mat,0
3422.mat,0
3423.mat,0
3424.mat,0
3425.mat,0
3426.mat,0
3427.mat,0
3428.mat,0
3429.mat,0
3430.mat,0
3431.mat,1
3432.mat,0
3433.mat,0
3434.mat,0
3435.mat,0
3436.mat,1
3437.mat,0
3438.mat,1
3439.mat,0
3440.mat,0
3441.mat,0
3442.mat,0
3443.mat,0
3444.mat,0
3445.mat,0
3446.mat,0
3447.mat,0
3448.mat,1
3449.mat,1
3450.mat,0
3451.mat,0
3452.mat,1
3453.mat,0
3454.mat,1
3455.mat,0
3456.mat,0
3457.mat,0
3458.mat,0
3459.mat,0
3460.mat,0
3461.mat,1
3462.mat,0
3463.mat,0
3464.mat,0
3465.mat,0
3466.mat,0
3467.mat,0
3468.mat,0
3469.mat,0
3470.mat,0
3471.mat,0
3472.mat,1
3473.mat,0
3474.mat,0
3475.mat,0
3476.mat,0
3477.mat,0
3478.mat,0
3479.mat,0
3480.mat,0
3481.mat,0
3482.mat,1
3483.mat,0
3484.mat,1
3485.mat,0
3486.mat,0
3487.mat,0
3488.mat,0
3489.mat,0
3490.mat,0
3491.mat,0
3492.mat,0
3493.mat,0
3494.mat,0
3495.mat,0
3496.mat,0
3497.mat,0
3498.mat,0
3499.mat,0
3500.mat,0
3501.mat,0
3502.mat,0
3503.mat,0
3504.mat,0
3505.mat,0
3506.mat,0
3507.mat,1
3508.mat,0
3509.mat,1
3510.mat,1
3511.mat,0
3512.mat,0
3513.mat,0
3514.mat,0
3515.mat,0
3516.mat,0
3517.mat,0
3518.mat,0
3519.mat,0
3520.mat,0
3521.mat,0
3522.mat,1
3523.mat,0
3524.mat,0
3525.mat,0
3526.mat,0
3527.mat,1
3528.mat,0
3529.mat,0
3530.mat,0
3531.mat,1
3532.mat,0
3533.mat,1
3534.mat,1
3535.mat,0
3536.mat,0
3537.mat,0
3538.mat,0
3539.mat,1
3540.mat,0
3541.mat,0
3542.mat,1
3543.mat,0
3544.mat,0
3545.mat,0
3546.mat,0
3547.mat,0
3548.mat,0
3549.mat,0
3550.mat,0
3551.mat,0
3552.mat,0
3553.mat,1
3554.mat,0
3555.mat,1
3556.mat,0
3557.mat,0
3558.mat,0
3559.mat,0
3560.mat,0
3561.mat,0
3562.mat,0
3563.mat,0
3564.mat,0
3565.mat,0
3566.mat,0
3567.mat,0
3568.mat,0
3569.mat,0
3570.mat,0
3571.mat,0
3572.mat,1
3573.mat,0
3574.mat,0
3575.mat,1
3576.mat,0
3577.mat,1
3578.mat,0
3579.mat,0
3580.mat,1
3581.mat,0
3582.mat,0
3583.mat,0
3584.mat,0
3585.mat,1
3586.mat,0
3587.mat,0
3588.mat,1
3589.mat,0
3590.mat,0
3591.mat,0
3592.mat,0
3593.mat,0
3594.mat,0
3595.mat,0
3596.mat,0
3597.mat,0
3598.mat,0
3599.mat,1
3600.mat,0
3601.mat,0
3602.mat,0
3603.mat,0
3604.mat,0
3605.mat,1
3606.mat,0
3607.mat,0
3608.mat,0
3609.mat,0
3610.mat,0
3611.mat,1
3612.mat,1
3613.mat,0
3614.mat,0
3615.mat,0
3616.mat,0
3617.mat,1
3618.mat,0
3619.mat,0
3620.mat,0
3621.mat,0
3622.mat,0
3623.mat,0
3624.mat,0
3625.mat,0
3626.mat,0
3627.mat,0
3628.mat,0
3629.mat,0
3630.mat,0
3631.mat,0
3632.mat,0
3633.mat,0
3634.mat,0
3635.mat,1
3636.mat,0
3637.mat,0
3638.mat,0
3639.mat,0
3640.mat,0
3641.mat,0
3642.mat,0
3643.mat,0
3644.mat,1
3645.mat,0
3646.mat,0
3647.mat,0
3648.mat,0
3649.mat,0
3650.mat,0
3651.mat,0
3652.mat,0
3653.mat,0
3654.mat,0
3655.mat,0
3656.mat,0
3657.mat,1
3658.mat,0
3659.mat,0
3660.mat,0
3661.mat,0
3662.mat,0
3663.mat,0
3664.mat,0
3665.mat,0
3666.mat,1
3667.mat,1
3668.mat,0
3669.mat,0
3670.mat,0
3671.mat,0
3672.mat,1
3673.mat,0
3674.mat,0
3675.mat,0
3676.mat,1
3677.mat,0
3678.mat,0
3679.mat,1
3680.mat,0
3681.mat,0
3682.mat,0
3683.mat,0
3684.mat,0
3685.mat,0
3686.mat,0
3687.mat,0
3688.mat,0
3689.mat,0
3690.mat,0
3691.mat,0
3692.mat,0
3693.mat,0
3694.mat,0
3695.mat,0
3696.mat,0
3697.mat,0
3698.mat,0
3699.mat,0
3700.mat,0
3701.mat,0
3702.mat,0
3703.mat,0
3704.mat,1
3705.mat,0
3706.mat,0
3707.mat,0
3708.mat,0
3709.mat,0
3710.mat,0
3711.mat,0
3712.mat,0
3713.mat,0
3714.mat,0
3715.mat,0
3716.mat,0
3717.mat,0
3718.mat,0
3719.mat,0
3720.mat,0
3721.mat,1
3722.mat,0
3723.mat,0
3724.mat,0
3725.mat,0
3726.mat,0
3727.mat,1
3728.mat,0
3729.mat,0
3730.mat,0
3731.mat,0
3732.mat,0
3733.mat,0
3734.mat,1
3735.mat,0
3736.mat,0
3737.mat,0
3738.mat,1
3739.mat,0
3740.mat,0
3741.mat,0
3742.mat,0
3743.mat,0
3744.mat,0
3745.mat,0
3746.mat,1
3747.mat,0
3748.mat,0
3749.mat,0
3750.mat,0
3751.mat,0
3752.mat,0
3753.mat,0
3754.mat,0
3755.mat,0
3756.mat,0
3757.mat,1
3758.mat,0
3759.mat,0
3760.mat,1
3761.mat,0
3762.mat,0
3763.mat,1
3764.mat,0
3765.mat,0
3766.mat,0
3767.mat,0
3768.mat,0
3769.mat,1
3770.mat,0
3771.mat,0
3772.mat,1
3773.mat,0
3774.mat,0
3775.mat,0
3776.mat,0
3777.mat,0
3778.mat,0
3779.mat,0
3780.mat,0
3781.mat,0
3782.mat,0
3783.mat,0
3784.mat,0
3785.mat,0
3786.mat,0
3787.mat,0
3788.mat,0
3789.mat,0
3790.mat,0
3791.mat,0
3792.mat,0
3793.mat,1
3794.mat,0
3795.mat,0
3796.mat,0
3797.mat,0
3798.mat,0
3799.mat,0
3800.mat,0
3801.mat,0
3802.mat,0
3803.mat,0
3804.mat,0
3805.mat,0
3806.mat,0
3807.mat,0
3808.mat,0
3809.mat,0
3810.mat,0
3811.mat,0
3812.mat,0
3813.mat,0
3814.mat,0
3815.mat,1
3816.mat,1
3817.mat,0
3818.mat,0
3819.mat,0
3820.mat,0
3821.mat,0
3822.mat,0
3823.mat,0
3824.mat,0
3825.mat,0
3826.mat,0
3827.mat,1
3828.mat,0
3829.mat,0
3830.mat,0
3831.mat,1
3832.mat,0
3833.mat,1
3834.mat,0
3835.mat,0
3836.mat,0
3837.mat,0
3838.mat,0
3839.mat,0
3840.mat,0
3841.mat,0
3842.mat,0
3843.mat,1
3844.mat,1
3845.mat,0
3846.mat,0
3847.mat,0
3848.mat,0
3849.mat,1
3850.mat,0
3851.mat,0
3852.mat,0
3853.mat,0
3854.mat,0
3855.mat,0
3856.mat,0
3857.mat,1
3858.mat,0
3859.mat,0
3860.mat,0
3861.mat,0
3862.mat,0
3863.mat,0
3864.mat,1
3865.mat,0
3866.mat,0
3867.mat,0
3868.mat,1
3869.mat,0
3870.mat,0
3871.mat,0
3872.mat,1
3873.mat,0
3874.mat,0
3875.mat,0
3876.mat,0
3877.mat,0
3878.mat,0
3879.mat,0
3880.mat,0
3881.mat,0
3882.mat,0
3883.mat,0
3884.mat,0
3885.mat,0
3886.mat,0
3887.mat,0
3888.mat,0
3889.mat,0
3890.mat,0
3891.mat,0
3892.mat,0
3893.mat,0
3894.mat,0
3895.mat,0
3896.mat,0
3897.mat,1
3898.mat,0
3899.mat,0
3900.mat,1
3901.mat,1
3902.mat,0
3903.mat,0
3904.mat,0
3905.mat,0
3906.mat,1
3907.mat,0
3908.mat,0
3909.mat,0
3910.mat,0
3911.mat,0
3912.mat,0
3913.mat,0
3914.mat,1
3915.mat,1
3916.mat,0
3917.mat,0
3918.mat,0
3919.mat,1
3920.mat,0
3921.mat,0
3922.mat,0
3923.mat,0
3924.mat,0
3925.mat,1
3926.mat,0
3927.mat,0
3928.mat,1
3929.mat,0
3930.mat,0
3931.mat,1
3932.mat,0
3933.mat,0
3934.mat,0
3935.mat,0
3936.mat,1
3937.mat,0
3938.mat,0
3939.mat,1
3940.mat,0
3941.mat,0
3942.mat,0
3943.mat,0
3944.mat,0
3945.mat,0
3946.mat,0
3947.mat,0
3948.mat,0
3949.mat,0
3950.mat,1
3951.mat,0
3952.mat,0
3953.mat,0
3954.mat,0
3955.mat,1
3956.mat,0
3957.mat,0
3958.mat,0
3959.mat,0
3960.mat,0
3961.mat,1
3962.mat,0
3963.mat,0
3964.mat,0
3965.mat,0
3966.mat,1
3967.mat,0
3968.mat,1
3969.mat,0
3970.mat,1
3971.mat,0
3972.mat,1
3973.mat,0
3974.mat,0
3975.mat,0
3976.mat,0
3977.mat,0
3978.mat,1
3979.mat,0
3980.mat,0
3981.mat,0
3982.mat,1
3983.mat,0
3984.mat,0
3985.mat,1
3986.mat,0
3987.mat,0
3988.mat,0
3989.mat,1
3990.mat,0
3991.mat,1
3992.mat,0
3993.mat,0
3994.mat,0
3995.mat,1
3996.mat,0
3997.mat,0
3998.mat,0
3999.mat,0
4000.mat,1
4001.mat,1
4002.mat,0
4003.mat,0
4004.mat,0
4005.mat,0
4006.mat,0
4007.mat,1
4008.mat,0
4009.mat,0
4010.mat,1
4011.mat,0
4012.mat,0
4013.mat,0
4014.mat,0
4015.mat,0
4016.mat,1
4017.mat,0
4018.mat,0
4019.mat,0
4020.mat,0
4021.mat,1
4022.mat,0
4023.mat,0
4024.mat,0
4025.mat,0
4026.mat,1
4027.mat,0
4028.mat,0
4029.mat,1
4030.mat,0
4031.mat,0
4032.mat,0
4033.mat,1
4034.mat,0
4035.mat,0
4036.mat,1
4037.mat,0
4038.mat,0
4039.mat,0
4040.mat,0
4041.mat,0
4042.mat,0
4043.mat,0
4044.mat,1
4045.mat,0
4046.mat,1
4047.mat,0
4048.mat,0
4049.mat,0
4050.mat,0
4051.mat,0
4052.mat,0
4053.mat,0
4054.mat,0
4055.mat,0
4056.mat,0
4057.mat,0
4058.mat,0
4059.mat,0
4060.mat,1
4061.mat,0
4062.mat,0
4063.mat,0
4064.mat,0
4065.mat,0
4066.mat,0
4067.mat,1
4068.mat,0
4069.mat,1
4070.mat,0
4071.mat,0
4072.mat,0
4073.mat,1
4074.mat,0
4075.mat,0
4076.mat,0
4077.mat,0
4078.mat,0
4079.mat,1
4080.mat,0
4081.mat,0
4082.mat,0
4083.mat,1
4084.mat,0
4085.mat,1
4086.mat,0
4087.mat,0
4088.mat,0
4089.mat,1
4090.mat,0
4091.mat,0
4092.mat,1
4093.mat,0
4094.mat,0
4095.mat,0
4096.mat,0
4097.mat,0
4098.mat,0
4099.mat,0
4100.mat,0
4101.mat,0
4102.mat,0
4103.mat,1
4104.mat,0
4105.mat,1
4106.mat,1
4107.mat,0
4108.mat,0
4109.mat,1
4110.mat,0
4111.mat,0
4112.mat,0
4113.mat,1
4114.mat,0
4115.mat,0
4116.mat,1
4117.mat,0
4118.mat,1
4119.mat,0
4120.mat,0
4121.mat,1
4122.mat,0
4123.mat,0
4124.mat,0
4125.mat,1
4126.mat,0
4127.mat,0
4128.mat,0
4129.mat,0
4130.mat,1
4131.mat,0
4132.mat,0
4133.mat,0
4134.mat,0
4135.mat,1
4136.mat,0
4137.mat,0
4138.mat,1
4139.mat,1
4140.mat,0
4141.mat,0
4142.mat,0
4143.mat,0
4144.mat,0
4145.mat,0
4146.mat,0
4147.mat,0
4148.mat,0
4149.mat,0
4150.mat,0
4151.mat,1
4152.mat,0
4153.mat,0
4154.mat,0
4155.mat,0
4156.mat,0
4157.mat,0
4158.mat,0
4159.mat,0
4160.mat,1
4161.mat,0
4162.mat,0
4163.mat,1
4164.mat,0
4165.mat,0
4166.mat,1
4167.mat,0
4168.mat,0
4169.mat,0
4170.mat,1
4171.mat,0
4172.mat,0
4173.mat,1
4174.mat,0
4175.mat,0
4176.mat,1
4177.mat,0
4178.mat,0
4179.mat,0
4180.mat,0
4181.mat,0
4182.mat,1
4183.mat,0
4184.mat,1
4185.mat,1
4186.mat,0
4187.mat,0
4188.mat,1
4189.mat,0
4190.mat,0
4191.mat,1
4192.mat,0
4193.mat,0
4194.mat,0
4195.mat,0
4196.mat,0
4197.mat,0
4198.mat,0
4199.mat,0
4200.mat,0
4201.mat,0
4202.mat,0
4203.mat,1
4204.mat,1
4205.mat,1
4206.mat,1
4207.mat,0
4208.mat,1
4209.mat,1
4210.mat,0
4211.mat,0
4212.mat,0
4213.mat,0
4214.mat,1
4215.mat,0
4216.mat,1
4217.mat,0
4218.mat,1
4219.mat,0
4220.mat,0
4221.mat,1
4222.mat,0
4223.mat,0
4224.mat,0
4225.mat,0
4226.mat,1
4227.mat,0
4228.mat,0
4229.mat,0
4230.mat,0
4231.mat,0
4232.mat,0
4233.mat,1
4234.mat,0
4235.mat,0
4236.mat,0
4237.mat,0
4238.mat,0
4239.mat,0
4240.mat,0
4241.mat,0
4242.mat,0
4243.mat,1
4244.mat,0
4245.mat,1
4246.mat,0
4247.mat,0
4248.mat,0
4249.mat,0
4250.mat,0
4251.mat,1
4252.mat,0
4253.mat,0
4254.mat,0
4255.mat,0
4256.mat,0
4257.mat,0
4258.mat,0
4259.mat,0
4260.mat,0
4261.mat,0
4262.mat,1
4263.mat,0
4264.mat,0
4265.mat,1
4266.mat,0
4267.mat,0
4268.mat,1
4269.mat,0
4270.mat,0
4271.mat,0
4272.mat,0
4273.mat,0
4274.mat,1
4275.mat,0
4276.mat,0
4277.mat,1
4278.mat,0
4279.mat,0
4280.mat,0
4281.mat,0
4282.mat,0
4283.mat,0
4284.mat,0
4285.mat,0
4286.mat,0
4287.mat,0
4288.mat,0
4289.mat,0
4290.mat,0
4291.mat,0
4292.mat,0
4293.mat,0
4294.mat,0
4295.mat,1
4296.mat,0
4297.mat,0
4298.mat,0
4299.mat,0
4300.mat,0
4301.mat,0
4302.mat,0
4303.mat,0
4304.mat,0
4305.mat,1
4306.mat,0
4307.mat,0
4308.mat,0
4309.mat,0
4310.mat,0
4311.mat,0
4312.mat,1
4313.mat,0
4314.mat,1
4315.mat,0
4316.mat,1
4317.mat,0
4318.mat,0
4319.mat,0
4320.mat,0
4321.mat,0
4322.mat,0
4323.mat,0
4324.mat,0
4325.mat,0
4326.mat,0
4327.mat,0
4328.mat,1
4329.mat,0
4330.mat,0
4331.mat,0
4332.mat,0
4333.mat,0
4334.mat,0
4335.mat,1
4336.mat,0
4337.mat,0
4338.mat,0
4339.mat,0
4340.mat,0
4341.mat,1
4342.mat,0
4343.mat,0
4344.mat,0
4345.mat,0
4346.mat,0
4347.mat,0
4348.mat,0
4349.mat,0
4350.mat,0
4351.mat,0
4352.mat,0
4353.mat,0
4354.mat,0
4355.mat,0
4356.mat,1
4357.mat,0
4358.mat,0
4359.mat,0
4360.mat,1
4361.mat,0
4362.mat,0
4363.mat,1
4364.mat,0
4365.mat,0
4366.mat,0
4367.mat,0
4368.mat,1
4369.mat,0
4370.mat,1
4371.mat,1
4372.mat,1
4373.mat,0
4374.mat,0
4375.mat,1
4376.mat,0
4377.mat,1
4378.mat,1
4379.mat,0
4380.mat,0
4381.mat,0
4382.mat,1
4383.mat,0
4384.mat,0
4385.mat,0
4386.mat,1
4387.mat,1
4388.mat,1
4389.mat,0
4390.mat,0
4391.mat,1
4392.mat,0
4393.mat,0
4394.mat,0
4395.mat,0
4396.mat,1
4397.mat,1
4398.mat,0
4399.mat,1
4400.mat,0
4401.mat,0
4402.mat,0
4403.mat,1
4404.mat,0
4405.mat,0
4406.mat,0
4407.mat,0
4408.mat,0
4409.mat,0
4410.mat,0
4411.mat,0
4412.mat,0
4413.mat,1
4414.mat,0
4415.mat,0
4416.mat,0
4417.mat,0
4418.mat,1
4419.mat,1
4420.mat,1
4421.mat,0
4422.mat,0
4423.mat,0
4424.mat,1
4425.mat,0
4426.mat,0
4427.mat,0
4428.mat,1
4429.mat,0
4430.mat,0
4431.mat,1
4432.mat,0
4433.mat,0
4434.mat,0
4435.mat,1
4436.mat,0
4437.mat,1
4438.mat,0
4439.mat,0
4440.mat,0
4441.mat,0
4442.mat,0
4443.mat,0
4444.mat,0
4445.mat,1
4446.mat,0
4447.mat,0
4448.mat,0
4449.mat,0
4450.mat,0
4451.mat,0
4452.mat,0
4453.mat,0
4454.mat,1
4455.mat,0
4456.mat,0
4457.mat,0
4458.mat,0
4459.mat,0
4460.mat,0
4461.mat,0
4462.mat,1
4463.mat,0
4464.mat,1
4465.mat,0
4466.mat,0
4467.mat,0
4468.mat,0
4469.mat,1
4470.mat,0
4471.mat,0
4472.mat,0
4473.mat,0
4474.mat,1
4475.mat,1
4476.mat,0
4477.mat,0
4478.mat,0
4479.mat,0
4480.mat,0
4481.mat,0
4482.mat,1
4483.mat,0
4484.mat,0
4485.mat,0
4486.mat,0
4487.mat,0
4488.mat,0
4489.mat,1
4490.mat,0
4491.mat,0
4492.mat,0
4493.mat,0
4494.mat,0
4495.mat,1
4496.mat,0
4497.mat,0
4498.mat,0
4499.mat,0
4500.mat,0
4501.mat,0
4502.mat,0
4503.mat,1
4504.mat,1
4505.mat,0
4506.mat,0
4507.mat,0
4508.mat,0
4509.mat,0
4510.mat,0
4511.mat,1
4512.mat,1
4513.mat,1
4514.mat,0
4515.mat,0
4516.mat,0
4517.mat,1
4518.mat,0
4519.mat,0
4520.mat,0
4521.mat,0
4522.mat,0
4523.mat,0
4524.mat,0
4525.mat,0
4526.mat,1
4527.mat,0
4528.mat,0
4529.mat,0
4530.mat,0
4531.mat,1
4532.mat,1
4533.mat,0
4534.mat,1
4535.mat,0
4536.mat,0
4537.mat,1
4538.mat,1
4539.mat,0
4540.mat,0
4541.mat,0
4542.mat,1
4543.mat,0
4544.mat,0
4545.mat,0
4546.mat,1
4547.mat,0
4548.mat,1
4549.mat,0
4550.mat,1
4551.mat,1
4552.mat,0
4553.mat,0
4554.mat,0
4555.mat,0
4556.mat,0
4557.mat,0
4558.mat,0
4559.mat,0
4560.mat,0
4561.mat,0
4562.mat,0
4563.mat,0
4564.mat,1
4565.mat,0
4566.mat,0
4567.mat,1
4568.mat,1
4569.mat,0
4570.mat,0
4571.mat,1
4572.mat,0
4573.mat,0
4574.mat,0
4575.mat,0
4576.mat,0
4577.mat,1
4578.mat,0
4579.mat,0
4580.mat,0
4581.mat,1
4582.mat,0
4583.mat,0
4584.mat,1
4585.mat,0
4586.mat,0
4587.mat,0
4588.mat,0
4589.mat,1
4590.mat,1
4591.mat,0
4592.mat,1
4593.mat,0
4594.mat,1
4595.mat,0
4596.mat,0
4597.mat,0
4598.mat,0
4599.mat,0
4600.mat,0
4601.mat,0
4602.mat,0
4603.mat,0
4604.mat,0
4605.mat,0
4606.mat,0
4607.mat,1
4608.mat,0
4609.mat,0
4610.mat,0
4611.mat,0
4612.mat,0
4613.mat,0
4614.mat,1
4615.mat,1
4616.mat,0
4617.mat,0
4618.mat,0
4619.mat,0
4620.mat,0
4621.mat,0
4622.mat,0
4623.mat,0
4624.mat,0
4625.mat,1
4626.mat,0
4627.mat,0
4628.mat,0
4629.mat,0
4630.mat,0
4631.mat,1
4632.mat,1
4633.mat,0
4634.mat,1
4635.mat,0
4636.mat,0
4637.mat,0
4638.mat,0
4639.mat,1
4640.mat,0
4641.mat,1
4642.mat,0
4643.mat,1
4644.mat,0
4645.mat,1
4646.mat,0
4647.mat,0
4648.mat,0
4649.mat,0
4650.mat,0
4651.mat,0
4652.mat,1
4653.mat,0
4654.mat,0
4655.mat,0
4656.mat,0
4657.mat,0
4658.mat,1
4659.mat,0
4660.mat,0
4661.mat,0
4662.mat,0
4663.mat,0
4664.mat,0
4665.mat,1
4666.mat,0
4667.mat,0
4668.mat,0
4669.mat,0
4670.mat,0
4671.mat,1
4672.mat,0
4673.mat,0
4674.mat,0
4675.mat,0
4676.mat,0
4677.mat,0
4678.mat,0
4679.mat,0
4680.mat,1
4681.mat,0
4682.mat,0
4683.mat,0
4684.mat,1
4685.mat,0
4686.mat,1
4687.mat,0
4688.mat,0
4689.mat,0
4690.mat,0
4691.mat,0
4692.mat,1
4693.mat,0
4694.mat,0
4695.mat,0
4696.mat,0
4697.mat,1
4698.mat,0
4699.mat,1
4700.mat,0
4701.mat,0
4702.mat,0
4703.mat,0
4704.mat,0
4705.mat,0
4706.mat,0
4707.mat,0
4708.mat,0
4709.mat,0
4710.mat,1
4711.mat,1
4712.mat,0
4713.mat,1
4714.mat,0
4715.mat,0
4716.mat,1
4717.mat,0
4718.mat,0
4719.mat,0
4720.mat,0
4721.mat,1
4722.mat,0
4723.mat,0
4724.mat,0
4725.mat,0
4726.mat,0
4727.mat,0
4728.mat,0
4729.mat,0
4730.mat,0
4731.mat,0
4732.mat,0
4733.mat,1
4734.mat,0
4735.mat,0
4736.mat,0
4737.mat,0
4738.mat,0
4739.mat,0
4740.mat,0
4741.mat,0
4742.mat,1
4743.mat,0
4744.mat,0
4745.mat,1
4746.mat,0
4747.mat,0
4748.mat,0
4749.mat,0
4750.mat,0
4751.mat,0
4752.mat,0
4753.mat,0
4754.mat,0
4755.mat,0
4756.mat,0
4757.mat,0
4758.mat,0
4759.mat,1
4760.mat,1
4761.mat,0
4762.mat,0
4763.mat,0
4764.mat,0
4765.mat,0
4766.mat,0
4767.mat,0
4768.mat,0
4769.mat,0
4770.mat,0
4771.mat,1
4772.mat,0
4773.mat,0
4774.mat,0
4775.mat,1
4776.mat,0
4777.mat,1
4778.mat,0
4779.mat,0
4780.mat,0
4781.mat,0
4782.mat,0
4783.mat,0
4784.mat,1
4785.mat,1
4786.mat,0
4787.mat,0
4788.mat,0
4789.mat,0
4790.mat,1
4791.mat,0
4792.mat,0
4793.mat,0
4794.mat,1
4795.mat,1
4796.mat,0
4797.mat,0
4798.mat,1
4799.mat,0
4800.mat,0
4801.mat,0
4802.mat,0
4803.mat,0
4804.mat,1
4805.mat,0
4806.mat,0
4807.mat,1
4808.mat,0
4809.mat,0
4810.mat,1
4811.mat,0
4812.mat,0
4813.mat,0
4814.mat,0
4815.mat,0
4816.mat,0
4817.mat,0
4818.mat,0
4819.mat,0
4820.mat,0
4821.mat,0
4822.mat,0
4823.mat,0
4824.mat,0
4825.mat,0
4826.mat,0
4827.mat,0
4828.mat,0
4829.mat,0
4830.mat,0
4831.mat,0
4832.mat,0
4833.mat,1
4834.mat,0
4835.mat,0
4836.mat,1
0006.mat,0
0026.mat,0
0035.mat,0
0036.mat,0
0055.mat,0
0062.mat,0
0064.mat,0
0067.mat,0
0068.mat,0
0069.mat,0
0087.mat,0
0093.mat,0
0122.mat,0
0143.mat,0
0153.mat,0
0179.mat,0
0202.mat,0
0203.mat,0
0244.mat,0
0256.mat,0
0284.mat,0
0286.mat,0
0306.mat,0
0315.mat,0
0316.mat,0
0326.mat,0
0336.mat,0
0380.mat,0
0403.mat,0
0424.mat,0
0428.mat,0
0432.mat,0
0461.mat,0
0471.mat,0
0492.mat,0
0495.mat,0
0498.mat,0
0543.mat,0
0588.mat,0
0596.mat,0
0597.mat,0
0644.mat,0
0705.mat,0
0732.mat,0
0738.mat,0
0743.mat,0
0749.mat,0
0768.mat,0
0791.mat,0
0833.mat,0
0848.mat,0
0888.mat,0
0894.mat,0
0905.mat,0
0913.mat,0
0914.mat,0
0920.mat,0
0924.mat,0
0926.mat,0
0928.mat,0
0960.mat,0
0973.mat,0
0996.mat,0
1008.mat,0
1072.mat,0
1085.mat,0
1086.mat,0
1102.mat,0
1108.mat,0
1126.mat,0
1128.mat,0
1138.mat,0
1140.mat,0
1142.mat,0
1154.mat,0
1155.mat,0
1161.mat,0
1173.mat,0
1181.mat,0
1189.mat,0
1200.mat,0
1231.mat,0
1239.mat,0
1288.mat,0
1295.mat,0
1327.mat,0
1328.mat,0
1330.mat,0
1339.mat,0
1350.mat,0
1370.mat,0
1381.mat,0
1399.mat,0
1561.mat,0
1569.mat,0
1582.mat,0
1596.mat,0
1613.mat,0
1616.mat,0
1619.mat,0
1623.mat,0
1637.mat,0
1659.mat,0
1669.mat,0
1678.mat,0
1727.mat,0
1739.mat,0
1758.mat,0
1784.mat,0
1792.mat,0
1832.mat,0
1854.mat,0
1859.mat,0
1860.mat,0
1861.mat,0
1866.mat,0
1872.mat,0
1925.mat,0
1928.mat,0
1942.mat,0
1995.mat,0
2010.mat,0
2026.mat,0
2027.mat,0
2031.mat,0
2042.mat,0
2045.mat,0
2048.mat,0
2052.mat,0
2060.mat,0
2077.mat,0
2091.mat,0
2109.mat,0
2147.mat,0
2153.mat,0
2167.mat,0
2202.mat,0
2211.mat,0
2233.mat,0
2260.mat,0
2268.mat,0
2281.mat,0
2285.mat,0
2296.mat,0
2321.mat,0
2341.mat,0
2343.mat,0
2345.mat,0
2352.mat,0
2361.mat,0
2371.mat,0
2373.mat,0
2376.mat,0
2431.mat,0
2440.mat,0
2465.mat,0
2470.mat,0
2474.mat,0
2497.mat,0
2499.mat,0
2531.mat,0
2536.mat,0
2538.mat,0
2540.mat,0
2593.mat,0
2598.mat,0
2626.mat,0
2630.mat,0
2647.mat,0
2653.mat,0
2667.mat,0
2685.mat,0
2703.mat,0
2711.mat,0
2729.mat,0
2734.mat,0
2757.mat,0
2765.mat,0
2767.mat,0
2774.mat,0
2779.mat,0
2786.mat,0
2787.mat,0
2792.mat,0
2798.mat,0
2813.mat,0
2821.mat,0
2834.mat,0
2851.mat,0
2864.mat,0
2876.mat,0
2897.mat,0
2925.mat,0
2930.mat,0
2936.mat,0
2971.mat,0
2980.mat,0
2993.mat,0
3017.mat,0
3035.mat,0
3038.mat,0
3047.mat,0
3090.mat,0
3096.mat,0
3109.mat,0
3157.mat,0
3160.mat,0
3172.mat,0
3185.mat,0
3188.mat,0
3203.mat,0
3209.mat,0
3238.mat,0
3264.mat,0
3284.mat,0
3289.mat,0
3306.mat,0
3339.mat,0
3340.mat,0
3344.mat,0
3348.mat,0
3367.mat,0
3378.mat,0
3381.mat,0
3394.mat,0
3399.mat,0
3408.mat,0
3426.mat,0
3447.mat,0
3474.mat,0
3494.mat,0
3508.mat,0
3513.mat,0
3549.mat,0
3563.mat,0
3569.mat,0
3598.mat,0
3606.mat,0
3613.mat,0
3624.mat,0
3639.mat,0
3709.mat,0
3722.mat,0
3739.mat,0
3747.mat,0
3752.mat,0
3773.mat,0
3778.mat,0
3791.mat,0
3808.mat,0
3812.mat,0
3835.mat,0
3838.mat,0
3841.mat,0
3860.mat,0
3865.mat,0
3871.mat,0
3879.mat,0
3880.mat,0
3883.mat,0
3903.mat,0
3909.mat,0
3918.mat,0
3932.mat,0
3940.mat,0
3958.mat,0
3959.mat,0
3962.mat,0
3967.mat,0
3971.mat,0
3974.mat,0
3983.mat,0
3990.mat,0
3996.mat,0
3997.mat,0
3998.mat,0
4008.mat,0
4017.mat,0
4020.mat,0
4024.mat,0
4025.mat,0
4034.mat,0
4041.mat,0
4048.mat,0
4081.mat,0
4084.mat,0
4088.mat,0
4126.mat,0
4127.mat,0
4133.mat,0
4144.mat,0
4148.mat,0
4174.mat,0
4178.mat,0
4187.mat,0
4190.mat,0
4195.mat,0
4200.mat,0
4201.mat,0
4202.mat,0
4219.mat,0
4242.mat,0
4248.mat,0
4272.mat,0
4273.mat,0
4281.mat,0
4294.mat,0
4302.mat,0
4307.mat,0
4311.mat,0
4331.mat,0
4344.mat,0
4347.mat,0
4353.mat,0
4355.mat,0
4367.mat,0
4373.mat,0
4390.mat,0
4415.mat,0
4427.mat,0
4448.mat,0
4449.mat,0
4459.mat,0
4477.mat,0
4487.mat,0
4496.mat,0
4506.mat,0
4515.mat,0
4522.mat,0
4530.mat,0
4535.mat,0
4544.mat,0
4549.mat,0
4554.mat,0
4556.mat,0
4569.mat,0
4585.mat,0
4593.mat,0
4603.mat,0
4627.mat,0
4650.mat,0
4659.mat,0
4666.mat,0
4685.mat,0
4690.mat,0
4693.mat,0
4695.mat,0
4698.mat,0
4700.mat,0
4705.mat,0
4712.mat,0
4724.mat,0
4735.mat,0
4739.mat,0
4740.mat,0
4750.mat,0
4773.mat,0
4789.mat,0
4802.mat,0
4813.mat,0
4817.mat,0
4818.mat,0
4828.mat,0
4830.mat,0
0006.mat,0
0026.mat,0
0035.mat,0
0036.mat,0
0055.mat,0
0062.mat,0
0064.mat,0
0067.mat,0
0068.mat,0
0069.mat,0
0087.mat,0
0093.mat,0
0122.mat,0
0143.mat,0
0153.mat,0
0179.mat,0
0202.mat,0
0203.mat,0
0244.mat,0
0256.mat,0
0284.mat,0
0286.mat,0
0306.mat,0
0315.mat,0
0316.mat,0
0326.mat,0
0336.mat,0
0380.mat,0
0403.mat,0
0424.mat,0
0428.mat,0
0432.mat,0
0461.mat,0
0471.mat,0
0492.mat,0
0495.mat,0
0498.mat,0
0543.mat,0
0588.mat,0
0596.mat,0
0597.mat,0
0644.mat,0
0705.mat,0
0732.mat,0
0738.mat,0
0743.mat,0
0749.mat,0
0768.mat,0
0791.mat,0
0833.mat,0
0848.mat,0
0888.mat,0
0894.mat,0
0905.mat,0
0913.mat,0
0914.mat,0
0920.mat,0
0924.mat,0
0926.mat,0
0928.mat,0
0960.mat,0
0973.mat,0
0996.mat,0
1008.mat,0
1072.mat,0
1085.mat,0
1086.mat,0
1102.mat,0
1108.mat,0
1126.mat,0
1128.mat,0
1138.mat,0
1140.mat,0
1142.mat,0
1154.mat,0
1155.mat,0
1161.mat,0
1173.mat,0
1181.mat,0
1189.mat,0
1200.mat,0
1231.mat,0
1239.mat,0
1288.mat,0
1295.mat,0
1327.mat,0
1328.mat,0
1330.mat,0
1339.mat,0
1350.mat,0
1370.mat,0
1381.mat,0
1399.mat,0
1561.mat,0
1569.mat,0
1582.mat,0
1596.mat,0
1613.mat,0
1616.mat,0
1619.mat,0
1623.mat,0
1637.mat,0
1659.mat,0
1669.mat,0
1678.mat,0
1727.mat,0
1739.mat,0
1758.mat,0
1784.mat,0
1792.mat,0
1832.mat,0
1854.mat,0
1859.mat,0
1860.mat,0
1861.mat,0
1866.mat,0
1872.mat,0
1925.mat,0
1928.mat,0
1942.mat,0
1995.mat,0
2010.mat,0
2026.mat,0
2027.mat,0
2031.mat,0
2042.mat,0
2045.mat,0
2048.mat,0
2052.mat,0
2060.mat,0
2077.mat,0
2091.mat,0
2109.mat,0
2147.mat,0
2153.mat,0
2167.mat,0
2202.mat,0
2211.mat,0
2233.mat,0
2260.mat,0
2268.mat,0
2281.mat,0
2285.mat,0
2296.mat,0
2321.mat,0
2341.mat,0
2343.mat,0
2345.mat,0
2352.mat,0
2361.mat,0
2371.mat,0
2373.mat,0
2376.mat,0
2431.mat,0
2440.mat,0
2465.mat,0
2470.mat,0
2474.mat,0
2497.mat,0
2499.mat,0
2531.mat,0
2536.mat,0
2538.mat,0
2540.mat,0
2593.mat,0
2598.mat,0
2626.mat,0
2630.mat,0
2647.mat,0
2653.mat,0
2667.mat,0
2685.mat,0
2703.mat,0
2711.mat,0
2729.mat,0
2734.mat,0
2757.mat,0
2765.mat,0
2767.mat,0
2774.mat,0
2779.mat,0
2786.mat,0
2787.mat,0
2792.mat,0
2798.mat,0
2813.mat,0
2821.mat,0
2834.mat,0
2851.mat,0
2864.mat,0
2876.mat,0
2897.mat,0
2925.mat,0
2930.mat,0
2936.mat,0
2971.mat,0
2980.mat,0
2993.mat,0
3017.mat,0
3035.mat,0
3038.mat,0
3047.mat,0
3090.mat,0
3096.mat,0
3109.mat,0
3157.mat,0
3160.mat,0
3172.mat,0
3185.mat,0
3188.mat,0
3203.mat,0
3209.mat,0
3238.mat,0
3264.mat,0
3284.mat,0
3289.mat,0
3306.mat,0
3339.mat,0
3340.mat,0
3344.mat,0
3348.mat,0
3367.mat,0
3378.mat,0
3381.mat,0
3394.mat,0
3399.mat,0
3408.mat,0
3426.mat,0
3447.mat,0
3474.mat,0
3494.mat,0
3508.mat,0
3513.mat,0
3549.mat,0
3563.mat,0
3569.mat,0
3598.mat,0
3606.mat,0
3613.mat,0
3624.mat,0
3639.mat,0
3709.mat,0
3722.mat,0
3739.mat,0
3747.mat,0
3752.mat,0
3773.mat,0
3778.mat,0
3791.mat,0
3808.mat,0
3812.mat,0
3835.mat,0
3838.mat,0
3841.mat,0
3860.mat,0
3865.mat,0
3871.mat,0
3879.mat,0
3880.mat,0
3883.mat,0
3903.mat,0
3909.mat,0
3918.mat,0
3932.mat,0
3940.mat,0
3958.mat,0
3959.mat,0
3962.mat,0
3967.mat,0
3971.mat,0
3974.mat,0
3983.mat,0
3990.mat,0
3996.mat,0
3997.mat,0
3998.mat,0
4008.mat,0
4017.mat,0
4020.mat,0
4024.mat,0
4025.mat,0
4034.mat,0
4041.mat,0
4048.mat,0
4081.mat,0
4084.mat,0
4088.mat,0
4126.mat,0
4127.mat,0
4133.mat,0
4144.mat,0
4148.mat,0
4174.mat,0
4178.mat,0
4187.mat,0
4190.mat,0
4195.mat,0
4200.mat,0
4201.mat,0
4202.mat,0
4219.mat,0
4242.mat,0
4248.mat,0
4272.mat,0
4273.mat,0
4281.mat,0
4294.mat,0
4302.mat,0
4307.mat,0
4311.mat,0
4331.mat,0
4344.mat,0
4347.mat,0
4353.mat,0
4355.mat,0
4367.mat,0
4373.mat,0
4390.mat,0
4415.mat,0
4427.mat,0
4448.mat,0
4449.mat,0
4459.mat,0
4477.mat,0
4487.mat,0
4496.mat,0
4506.mat,0
4515.mat,0
4522.mat,0
4530.mat,0
4535.mat,0
4544.mat,0
4549.mat,0
4554.mat,0
4556.mat,0
4569.mat,0
4585.mat,0
4593.mat,0
4603.mat,0
4627.mat,0
4650.mat,0
4659.mat,0
4666.mat,0
4685.mat,0
4690.mat,0
4693.mat,0
4695.mat,0
4698.mat,0
4700.mat,0
4705.mat,0
4712.mat,0
4724.mat,0
4735.mat,0
4739.mat,0
4740.mat,0
4750.mat,0
4773.mat,0
4789.mat,0
4802.mat,0
4813.mat,0
4817.mat,0
4818.mat,0
4828.mat,0
4830.mat,0
0006.mat,0
0026.mat,0
0035.mat,0
0036.mat,0
0055.mat,0
0062.mat,0
0064.mat,0
0067.mat,0
0068.mat,0
0069.mat,0
0087.mat,0
0093.mat,0
0122.mat,0
0143.mat,0
0153.mat,0
0179.mat,0
0202.mat,0
0203.mat,0
0244.mat,0
0256.mat,0
0284.mat,0
0286.mat,0
0306.mat,0
0315.mat,0
0316.mat,0
0326.mat,0
0336.mat,0
0380.mat,0
0403.mat,0
0424.mat,0
0428.mat,0
0432.mat,0
0461.mat,0
0471.mat,0
0492.mat,0
0495.mat,0
0498.mat,0
0543.mat,0
0588.mat,0
0596.mat,0
0597.mat,0
0644.mat,0
0705.mat,0
0732.mat,0
0738.mat,0
0743.mat,0
0749.mat,0
0768.mat,0
0791.mat,0
0833.mat,0
0848.mat,0
0888.mat,0
0894.mat,0
0905.mat,0
0913.mat,0
0914.mat,0
0920.mat,0
0924.mat,0
0926.mat,0
0928.mat,0
0960.mat,0
0973.mat,0
0996.mat,0
1008.mat,0
1072.mat,0
1085.mat,0
1086.mat,0
1102.mat,0
1108.mat,0
1126.mat,0
1128.mat,0
1138.mat,0
1140.mat,0
1142.mat,0
1154.mat,0
1155.mat,0
1161.mat,0
1173.mat,0
1181.mat,0
1189.mat,0
1200.mat,0
1231.mat,0
1239.mat,0
1288.mat,0
1295.mat,0
1327.mat,0
1328.mat,0
1330.mat,0
1339.mat,0
1350.mat,0
1370.mat,0
1381.mat,0
1399.mat,0
1561.mat,0
1569.mat,0
1582.mat,0
1596.mat,0
1613.mat,0
1616.mat,0
1619.mat,0
1623.mat,0
1637.mat,0
1659.mat,0
1669.mat,0
1678.mat,0
1727.mat,0
1739.mat,0
1758.mat,0
1784.mat,0
1792.mat,0
1832.mat,0
1854.mat,0
1859.mat,0
1860.mat,0
1861.mat,0
1866.mat,0
1872.mat,0
1925.mat,0
1928.mat,0
1942.mat,0
1995.mat,0
2010.mat,0
2026.mat,0
2027.mat,0
2031.mat,0
2042.mat,0
2045.mat,0
2048.mat,0
2052.mat,0
2060.mat,0
2077.mat,0
2091.mat,0
2109.mat,0
2147.mat,0
2153.mat,0
2167.mat,0
2202.mat,0
2211.mat,0
2233.mat,0
2260.mat,0
2268.mat,0
2281.mat,0
2285.mat,0
2296.mat,0
2321.mat,0
2341.mat,0
2343.mat,0
2345.mat,0
2352.mat,0
2361.mat,0
2371.mat,0
2373.mat,0
2376.mat,0
2431.mat,0
2440.mat,0
2465.mat,0
2470.mat,0
2474.mat,0
2497.mat,0
2499.mat,0
2531.mat,0
2536.mat,0
2538.mat,0
2540.mat,0
2593.mat,0
2598.mat,0
2626.mat,0
2630.mat,0
2647.mat,0
2653.mat,0
2667.mat,0
2685.mat,0
2703.mat,0
2711.mat,0
2729.mat,0
2734.mat,0
2757.mat,0
2765.mat,0
2767.mat,0
2774.mat,0
2779.mat,0
2786.mat,0
2787.mat,0
2792.mat,0
2798.mat,0
2813.mat,0
2821.mat,0
2834.mat,0
2851.mat,0
2864.mat,0
2876.mat,0
2897.mat,0
2925.mat,0
2930.mat,0
2936.mat,0
2971.mat,0
2980.mat,0
2993.mat,0
3017.mat,0
3035.mat,0
3038.mat,0
3047.mat,0
3090.mat,0
3096.mat,0
3109.mat,0
3157.mat,0
3160.mat,0
3172.mat,0
3185.mat,0
3188.mat,0
3203.mat,0
3209.mat,0
3238.mat,0
3264.mat,0
3284.mat,0
3289.mat,0
3306.mat,0
3339.mat,0
3340.mat,0
3344.mat,0
3348.mat,0
3367.mat,0
3378.mat,0
3381.mat,0
3394.mat,0
3399.mat,0
3408.mat,0
3426.mat,0
3447.mat,0
3474.mat,0
3494.mat,0
3508.mat,0
3513.mat,0
3549.mat,0
3563.mat,0
3569.mat,0
3598.mat,0
3606.mat,0
3613.mat,0
3624.mat,0
3639.mat,0
3709.mat,0
3722.mat,0
3739.mat,0
3747.mat,0
3752.mat,0
3773.mat,0
3778.mat,0
3791.mat,0
3808.mat,0
3812.mat,0
3835.mat,0
3838.mat,0
3841.mat,0
3860.mat,0
3865.mat,0
3871.mat,0
3879.mat,0
3880.mat,0
3883.mat,0
3903.mat,0
3909.mat,0
3918.mat,0
3932.mat,0
3940.mat,0
3958.mat,0
3959.mat,0
3962.mat,0
3967.mat,0
3971.mat,0
3974.mat,0
3983.mat,0
3990.mat,0
3996.mat,0
3997.mat,0
3998.mat,0
4008.mat,0
4017.mat,0
4020.mat,0
4024.mat,0
4025.mat,0
4034.mat,0
4041.mat,0
4048.mat,0
4081.mat,0
4084.mat,0
4088.mat,0
4126.mat,0
4127.mat,0
4133.mat,0
4144.mat,0
4148.mat,0
4174.mat,0
4178.mat,0
4187.mat,0
4190.mat,0
4195.mat,0
4200.mat,0
4201.mat,0
4202.mat,0
4219.mat,0
4242.mat,0
4248.mat,0
4272.mat,0
4273.mat,0
4281.mat,0
4294.mat,0
4302.mat,0
4307.mat,0
4311.mat,0
4331.mat,0
4344.mat,0
4347.mat,0
4353.mat,0
4355.mat,0
4367.mat,0
4373.mat,0
4390.mat,0
4415.mat,0
4427.mat,0
4448.mat,0
4449.mat,0
4459.mat,0
4477.mat,0
4487.mat,0
4496.mat,0
4506.mat,0
4515.mat,0
4522.mat,0
4530.mat,0
4535.mat,0
4544.mat,0
4549.mat,0
4554.mat,0
4556.mat,0
4569.mat,0
4585.mat,0
4593.mat,0
4603.mat,0
4627.mat,0
4650.mat,0
4659.mat,0
4666.mat,0
4685.mat,0
4690.mat,0
4693.mat,0
4695.mat,0
4698.mat,0
4700.mat,0
4705.mat,0
4712.mat,0
4724.mat,0
4735.mat,0
4739.mat,0
4740.mat,0
4750.mat,0
4773.mat,0
4789.mat,0
4802.mat,0
4813.mat,0
4817.mat,0
4818.mat,0
4828.mat,0
4830.mat,0
0006.mat,0
0026.mat,0
0035.mat,0
0036.mat,0
0055.mat,0
0062.mat,0
0064.mat,0
0067.mat,0
0068.mat,0
0069.mat,0
0087.mat,0
0093.mat,0
0122.mat,0
0143.mat,0
0153.mat,0
0179.mat,0
0202.mat,0
0203.mat,0
0244.mat,0
0256.mat,0
0284.mat,0
0286.mat,0
0306.mat,0
0315.mat,0
0316.mat,0
0326.mat,0
0336.mat,0
0380.mat,0
0403.mat,0
0424.mat,0
0428.mat,0
0432.mat,0
0461.mat,0
0471.mat,0
0492.mat,0
0495.mat,0
0498.mat,0
0543.mat,0
0588.mat,0
0596.mat,0
0597.mat,0
0644.mat,0
0705.mat,0
0732.mat,0
0738.mat,0
0743.mat,0
0749.mat,0
0768.mat,0
0791.mat,0
0833.mat,0
0848.mat,0
0888.mat,0
0894.mat,0
0905.mat,0
0913.mat,0
0914.mat,0
0920.mat,0
0924.mat,0
0926.mat,0
0928.mat,0
0960.mat,0
0973.mat,0
0996.mat,0
1008.mat,0
1072.mat,0
1085.mat,0
1086.mat,0
1102.mat,0
1108.mat,0
1126.mat,0
1128.mat,0
1138.mat,0
1140.mat,0
1142.mat,0
1154.mat,0
1155.mat,0
1161.mat,0
1173.mat,0
1181.mat,0
1189.mat,0
1200.mat,0
1231.mat,0
1239.mat,0
1288.mat,0
1295.mat,0
1327.mat,0
1328.mat,0
1330.mat,0
1339.mat,0
1350.mat,0
1370.mat,0
1381.mat,0
1399.mat,0
1561.mat,0
1569.mat,0
1582.mat,0
1596.mat,0
1613.mat,0
1616.mat,0
1619.mat,0
1623.mat,0
1637.mat,0
1659.mat,0
1669.mat,0
1678.mat,0
1727.mat,0
1739.mat,0
1758.mat,0
1784.mat,0
1792.mat,0
1832.mat,0
1854.mat,0
1859.mat,0
1860.mat,0
1861.mat,0
1866.mat,0
1872.mat,0
1925.mat,0
1928.mat,0
1942.mat,0
1995.mat,0
2010.mat,0
2026.mat,0
2027.mat,0
2031.mat,0
2042.mat,0
2045.mat,0
2048.mat,0
2052.mat,0
2060.mat,0
2077.mat,0
2091.mat,0
2109.mat,0
2147.mat,0
2153.mat,0
2167.mat,0
2202.mat,0
2211.mat,0
2233.mat,0
2260.mat,0
2268.mat,0
2281.mat,0
2285.mat,0
2296.mat,0
2321.mat,0
2341.mat,0
2343.mat,0
2345.mat,0
2352.mat,0
2361.mat,0
2371.mat,0
2373.mat,0
2376.mat,0
2431.mat,0
2440.mat,0
2465.mat,0
2470.mat,0
2474.mat,0
2497.mat,0
2499.mat,0
2531.mat,0
2536.mat,0
2538.mat,0
2540.mat,0
2593.mat,0
2598.mat,0
2626.mat,0
2630.mat,0
2647.mat,0
2653.mat,0
2667.mat,0
2685.mat,0
2703.mat,0
2711.mat,0
2729.mat,0
2734.mat,0
2757.mat,0
2765.mat,0
2767.mat,0
2774.mat,0
2779.mat,0
2786.mat,0
2787.mat,0
2792.mat,0
2798.mat,0
2813.mat,0
2821.mat,0
2834.mat,0
2851.mat,0
2864.mat,0
2876.mat,0
2897.mat,0
2925.mat,0
2930.mat,0
2936.mat,0
2971.mat,0
2980.mat,0
2993.mat,0
3017.mat,0
3035.mat,0
3038.mat,0
3047.mat,0
3090.mat,0
3096.mat,0
3109.mat,0
3157.mat,0
3160.mat,0
3172.mat,0
3185.mat,0
3188.mat,0
3203.mat,0
3209.mat,0
3238.mat,0
3264.mat,0
3284.mat,0
3289.mat,0
3306.mat,0
3339.mat,0
3340.mat,0
3344.mat,0
3348.mat,0
3367.mat,0
3378.mat,0
3381.mat,0
3394.mat,0
3399.mat,0
3408.mat,0
3426.mat,0
3447.mat,0
3474.mat,0
3494.mat,0
3508.mat,0
3513.mat,0
3549.mat,0
3563.mat,0
3569.mat,0
3598.mat,0
3606.mat,0
3613.mat,0
3624.mat,0
3639.mat,0
3709.mat,0
3722.mat,0
3739.mat,0
3747.mat,0
3752.mat,0
3773.mat,0
3778.mat,0
3791.mat,0
3808.mat,0
3812.mat,0
3835.mat,0
3838.mat,0
3841.mat,0
3860.mat,0
3865.mat,0
3871.mat,0
3879.mat,0
3880.mat,0
3883.mat,0
3903.mat,0
3909.mat,0
3918.mat,0
3932.mat,0
3940.mat,0
3958.mat,0
3959.mat,0
3962.mat,0
3967.mat,0
3971.mat,0
3974.mat,0
3983.mat,0
3990.mat,0
3996.mat,0
3997.mat,0
3998.mat,0
4008.mat,0
4017.mat,0
4020.mat,0
4024.mat,0
4025.mat,0
4034.mat,0
4041.mat,0
4048.mat,0
4081.mat,0
4084.mat,0
4088.mat,0
4126.mat,0
4127.mat,0
4133.mat,0
4144.mat,0
4148.mat,0
4174.mat,0
4178.mat,0
4187.mat,0
4190.mat,0
4195.mat,0
4200.mat,0
4201.mat,0
4202.mat,0
4219.mat,0
4242.mat,0
4248.mat,0
4272.mat,0
4273.mat,0
4281.mat,0
4294.mat,0
4302.mat,0
4307.mat,0
4311.mat,0
4331.mat,0
4344.mat,0
4347.mat,0
4353.mat,0
4355.mat,0
4367.mat,0
4373.mat,0
4390.mat,0
4415.mat,0
4427.mat,0
4448.mat,0
4449.mat,0
4459.mat,0
4477.mat,0
4487.mat,0
4496.mat,0
4506.mat,0
4515.mat,0
4522.mat,0
4530.mat,0
4535.mat,0
4544.mat,0
4549.mat,0
4554.mat,0
4556.mat,0
4569.mat,0
4585.mat,0
4593.mat,0
4603.mat,0
4627.mat,0
4650.mat,0
4659.mat,0
4666.mat,0
4685.mat,0
4690.mat,0
4693.mat,0
4695.mat,0
4698.mat,0
4700.mat,0
4705.mat,0
4712.mat,0
4724.mat,0
4735.mat,0
4739.mat,0
4740.mat,0
4750.mat,0
4773.mat,0
4789.mat,0
4802.mat,0
4813.mat,0
4817.mat,0
4818.mat,0
4828.mat,0
4830.mat,0
0006.mat,0
0026.mat,0
0035.mat,0
0036.mat,0
0055.mat,0
0062.mat,0
0064.mat,0
0067.mat,0
0068.mat,0
0069.mat,0
0087.mat,0
0093.mat,0
0122.mat,0
0143.mat,0
0153.mat,0
0179.mat,0
0202.mat,0
0203.mat,0
0244.mat,0
0256.mat,0
0284.mat,0
0286.mat,0
0306.mat,0
0315.mat,0
0316.mat,0
0326.mat,0
0336.mat,0
0380.mat,0
0403.mat,0
0424.mat,0
0428.mat,0
0432.mat,0
0461.mat,0
0471.mat,0
0492.mat,0
0495.mat,0
0498.mat,0
0543.mat,0
0588.mat,0
0596.mat,0
0597.mat,0
0644.mat,0
0705.mat,0
0732.mat,0
0738.mat,0
0743.mat,0
0749.mat,0
0768.mat,0
0791.mat,0
0833.mat,0
0848.mat,0
0888.mat,0
0894.mat,0
0905.mat,0
0913.mat,0
0914.mat,0
0920.mat,0
0924.mat,0
0926.mat,0
0928.mat,0
0960.mat,0
0973.mat,0
0996.mat,0
1008.mat,0
1072.mat,0
1085.mat,0
1086.mat,0
1102.mat,0
1108.mat,0
1126.mat,0
1128.mat,0
1138.mat,0
1140.mat,0
1142.mat,0
1154.mat,0
1155.mat,0
1161.mat,0
1173.mat,0
1181.mat,0
1189.mat,0
1200.mat,0
1231.mat,0
1239.mat,0
1288.mat,0
1295.mat,0
1327.mat,0
1328.mat,0
1330.mat,0
1339.mat,0
1350.mat,0
1370.mat,0
1381.mat,0
1399.mat,0
1561.mat,0
1569.mat,0
1582.mat,0
1596.mat,0
1613.mat,0
1616.mat,0
1619.mat,0
1623.mat,0
1637.mat,0
1659.mat,0
1669.mat,0
1678.mat,0
1727.mat,0
1739.mat,0
1758.mat,0
1784.mat,0
1792.mat,0
1832.mat,0
1854.mat,0
1859.mat,0
1860.mat,0
1861.mat,0
1866.mat,0
1872.mat,0
1925.mat,0
1928.mat,0
1942.mat,0
1995.mat,0
2010.mat,0
2026.mat,0
2027.mat,0
2031.mat,0
2042.mat,0
2045.mat,0
2048.mat,0
2052.mat,0
2060.mat,0
2077.mat,0
2091.mat,0
2109.mat,0
2147.mat,0
2153.mat,0
2167.mat,0
2202.mat,0
2211.mat,0
2233.mat,0
2260.mat,0
2268.mat,0
2281.mat,0
2285.mat,0
2296.mat,0
2321.mat,0
2341.mat,0
2343.mat,0
2345.mat,0
2352.mat,0
2361.mat,0
2371.mat,0
2373.mat,0
2376.mat,0
2431.mat,0
2440.mat,0
2465.mat,0
2470.mat,0
2474.mat,0
2497.mat,0
2499.mat,0
2531.mat,0
2536.mat,0
2538.mat,0
2540.mat,0
2593.mat,0
2598.mat,0
2626.mat,0
2630.mat,0
2647.mat,0
2653.mat,0
2667.mat,0
2685.mat,0
2703.mat,0
2711.mat,0
2729.mat,0
2734.mat,0
2757.mat,0
2765.mat,0
2767.mat,0
2774.mat,0
2779.mat,0
2786.mat,0
2787.mat,0
2792.mat,0
2798.mat,0
2813.mat,0
2821.mat,0
2834.mat,0
2851.mat,0
2864.mat,0
2876.mat,0
2897.mat,0
2925.mat,0
2930.mat,0
2936.mat,0
2971.mat,0
2980.mat,0
2993.mat,0
3017.mat,0
3035.mat,0
3038.mat,0
3047.mat,0
3090.mat,0
3096.mat,0
3109.mat,0
3157.mat,0
3160.mat,0
3172.mat,0
3185.mat,0
3188.mat,0
3203.mat,0
3209.mat,0
3238.mat,0
3264.mat,0
3284.mat,0
3289.mat,0
3306.mat,0
3339.mat,0
3340.mat,0
3344.mat,0
3348.mat,0
3367.mat,0
3378.mat,0
3381.mat,0
3394.mat,0
3399.mat,0
3408.mat,0
3426.mat,0
3447.mat,0
3474.mat,0
3494.mat,0
3508.mat,0
3513.mat,0
3549.mat,0
3563.mat,0
3569.mat,0
3598.mat,0
3606.mat,0
3613.mat,0
3624.mat,0
3639.mat,0
3709.mat,0
3722.mat,0
3739.mat,0
3747.mat,0
3752.mat,0
3773.mat,0
3778.mat,0
3791.mat,0
3808.mat,0
3812.mat,0
3835.mat,0
3838.mat,0
3841.mat,0
3860.mat,0
3865.mat,0
3871.mat,0
3879.mat,0
3880.mat,0
3883.mat,0
3903.mat,0
3909.mat,0
3918.mat,0
3932.mat,0
3940.mat,0
3958.mat,0
3959.mat,0
3962.mat,0
3967.mat,0
3971.mat,0
3974.mat,0
3983.mat,0
3990.mat,0
3996.mat,0
3997.mat,0
3998.mat,0
4008.mat,0
4017.mat,0
4020.mat,0
4024.mat,0
4025.mat,0
4034.mat,0
4041.mat,0
4048.mat,0
4081.mat,0
4084.mat,0
4088.mat,0
4126.mat,0
4127.mat,0
4133.mat,0
4144.mat,0
4148.mat,0
4174.mat,0
4178.mat,0
4187.mat,0
4190.mat,0
4195.mat,0
4200.mat,0
4201.mat,0
4202.mat,0
4219.mat,0
4242.mat,0
4248.mat,0
4272.mat,0
4273.mat,0
4281.mat,0
4294.mat,0
4302.mat,0
4307.mat,0
4311.mat,0
4331.mat,0
4344.mat,0
4347.mat,0
4353.mat,0
4355.mat,0
4367.mat,0
4373.mat,0
4390.mat,0
4415.mat,0
4427.mat,0
4448.mat,0
4449.mat,0
4459.mat,0
4477.mat,0
4487.mat,0
4496.mat,0
4506.mat,0
4515.mat,0
4522.mat,0
4530.mat,0
4535.mat,0
4544.mat,0
4549.mat,0
4554.mat,0
4556.mat,0
4569.mat,0
4585.mat,0
4593.mat,0
4603.mat,0
4627.mat,0
4650.mat,0
4659.mat,0
4666.mat,0
4685.mat,0
4690.mat,0
4693.mat,0
4695.mat,0
4698.mat,0
4700.mat,0
4705.mat,0
4712.mat,0
4724.mat,0
4735.mat,0
4739.mat,0
4740.mat,0
4750.mat,0
4773.mat,0
4789.mat,0
4802.mat,0
4813.mat,0
4817.mat,0
4818.mat,0
4828.mat,0
4830.mat,0
0006.mat,0
0026.mat,0
0035.mat,0
0036.mat,0
0055.mat,0
0062.mat,0
0064.mat,0
0067.mat,0
0068.mat,0
0069.mat,0
0087.mat,0
0093.mat,0
0122.mat,0
0143.mat,0
0153.mat,0
0179.mat,0
0202.mat,0
0203.mat,0
0244.mat,0
0256.mat,0
0284.mat,0
0286.mat,0
0306.mat,0
0315.mat,0
0316.mat,0
0326.mat,0
0336.mat,0
0380.mat,0
0403.mat,0
0424.mat,0
0428.mat,0
0432.mat,0
0461.mat,0
0471.mat,0
0492.mat,0
0495.mat,0
0498.mat,0
0543.mat,0
0588.mat,0
0596.mat,0
0597.mat,0
0644.mat,0
0705.mat,0
0732.mat,0
0738.mat,0
0743.mat,0
0749.mat,0
0768.mat,0
0791.mat,0
0833.mat,0
0848.mat,0
0888.mat,0
0894.mat,0
0905.mat,0
0913.mat,0
0914.mat,0
0920.mat,0
0924.mat,0
0926.mat,0
0928.mat,0
0960.mat,0
0973.mat,0
0996.mat,0
1008.mat,0
1072.mat,0
1085.mat,0
1086.mat,0
1102.mat,0
1108.mat,0
1126.mat,0
1128.mat,0
1138.mat,0
1140.mat,0
1142.mat,0
1154.mat,0
1155.mat,0
1161.mat,0
1173.mat,0
1181.mat,0
1189.mat,0
1200.mat,0
1231.mat,0
1239.mat,0
1288.mat,0
1295.mat,0
1327.mat,0
1328.mat,0
1330.mat,0
1339.mat,0
1350.mat,0
1370.mat,0
1381.mat,0
1399.mat,0
1561.mat,0
1569.mat,0
1582.mat,0
1596.mat,0
1613.mat,0
1616.mat,0
1619.mat,0
1623.mat,0
1637.mat,0
1659.mat,0
1669.mat,0
1678.mat,0
1727.mat,0
1739.mat,0
1758.mat,0
1784.mat,0
1792.mat,0
1832.mat,0
1854.mat,0
1859.mat,0
1860.mat,0
1861.mat,0
1866.mat,0
1872.mat,0
1925.mat,0
1928.mat,0
1942.mat,0
1995.mat,0
2010.mat,0
2026.mat,0
2027.mat,0
2031.mat,0
2042.mat,0
2045.mat,0
2048.mat,0
2052.mat,0
2060.mat,0
2077.mat,0
2091.mat,0
2109.mat,0
2147.mat,0
2153.mat,0
2167.mat,0
2202.mat,0
2211.mat,0
2233.mat,0
2260.mat,0
2268.mat,0
2281.mat,0
2285.mat,0
2296.mat,0
2321.mat,0
2341.mat,0
2343.mat,0
2345.mat,0
2352.mat,0
2361.mat,0
2371.mat,0
2373.mat,0
2376.mat,0
2431.mat,0
2440.mat,0
2465.mat,0
2470.mat,0
2474.mat,0
2497.mat,0
2499.mat,0
2531.mat,0
2536.mat,0
2538.mat,0
2540.mat,0
2593.mat,0
2598.mat,0
2626.mat,0
2630.mat,0
2647.mat,0
2653.mat,0
2667.mat,0
2685.mat,0
2703.mat,0
2711.mat,0
2729.mat,0
2734.mat,0
2757.mat,0
2765.mat,0
2767.mat,0
2774.mat,0
2779.mat,0
2786.mat,0
2787.mat,0
2792.mat,0
2798.mat,0
2813.mat,0
2821.mat,0
2834.mat,0
2851.mat,0
2864.mat,0
2876.mat,0
2897.mat,0
2925.mat,0
2930.mat,0
2936.mat,0
2971.mat,0
2980.mat,0
2993.mat,0
3017.mat,0
3035.mat,0
3038.mat,0
3047.mat,0
3090.mat,0
3096.mat,0
3109.mat,0
3157.mat,0
3160.mat,0
3172.mat,0
3185.mat,0
3188.mat,0
3203.mat,0
3209.mat,0
3238.mat,0
3264.mat,0
3284.mat,0
3289.mat,0
3306.mat,0
3339.mat,0
3340.mat,0
3344.mat,0
3348.mat,0
3367.mat,0
3378.mat,0
3381.mat,0
3394.mat,0
3399.mat,0
3408.mat,0
3426.mat,0
3447.mat,0
3474.mat,0
3494.mat,0
3508.mat,0
3513.mat,0
3549.mat,0
3563.mat,0
3569.mat,0
3598.mat,0
3606.mat,0
3613.mat,0
3624.mat,0
3639.mat,0
3709.mat,0
3722.mat,0
3739.mat,0
3747.mat,0
3752.mat,0
3773.mat,0
3778.mat,0
3791.mat,0
3808.mat,0
3812.mat,0
3835.mat,0
3838.mat,0
3841.mat,0
3860.mat,0
3865.mat,0
3871.mat,0
3879.mat,0
3880.mat,0
3883.mat,0
3903.mat,0
3909.mat,0
3918.mat,0
3932.mat,0
3940.mat,0
3958.mat,0
3959.mat,0
3962.mat,0
3967.mat,0
3971.mat,0
3974.mat,0
3983.mat,0
3990.mat,0
3996.mat,0
3997.mat,0
3998.mat,0
4008.mat,0
4017.mat,0
4020.mat,0
4024.mat,0
4025.mat,0
4034.mat,0
4041.mat,0
4048.mat,0
4081.mat,0
4084.mat,0
4088.mat,0
4126.mat,0
4127.mat,0
4133.mat,0
4144.mat,0
4148.mat,0
4174.mat,0
4178.mat,0
4187.mat,0
4190.mat,0
4195.mat,0
4200.mat,0
4201.mat,0
4202.mat,0
4219.mat,0
4242.mat,0
4248.mat,0
4272.mat,0
4273.mat,0
4281.mat,0
4294.mat,0
4302.mat,0
4307.mat,0
4311.mat,0
4331.mat,0
4344.mat,0
4347.mat,0
4353.mat,0
4355.mat,0
4367.mat,0
4373.mat,0
4390.mat,0
4415.mat,0
4427.mat,0
4448.mat,0
4449.mat,0
4459.mat,0
4477.mat,0
4487.mat,0
4496.mat,0
4506.mat,0
4515.mat,0
4522.mat,0
4530.mat,0
4535.mat,0
4544.mat,0
4549.mat,0
4554.mat,0
4556.mat,0
4569.mat,0
4585.mat,0
4593.mat,0
4603.mat,0
4627.mat,0
4650.mat,0
4659.mat,0
4666.mat,0
4685.mat,0
4690.mat,0
4693.mat,0
4695.mat,0
4698.mat,0
4700.mat,0
4705.mat,0
4712.mat,0
4724.mat,0
4735.mat,0
4739.mat,0
4740.mat,0
4750.mat,0
4773.mat,0
4789.mat,0
4802.mat,0
4813.mat,0
4817.mat,0
4818.mat,0
4828.mat,0
4830.mat,0
0006.mat,0
0026.mat,0
0035.mat,0
0036.mat,0
0055.mat,0
0062.mat,0
0064.mat,0
0067.mat,0
0068.mat,0
0069.mat,0
0087.mat,0
0093.mat,0
0122.mat,0
0143.mat,0
0153.mat,0
0179.mat,0
0202.mat,0
0203.mat,0
0244.mat,0
0256.mat,0
0284.mat,0
0286.mat,0
0306.mat,0
0315.mat,0
0316.mat,0
0326.mat,0
0336.mat,0
0380.mat,0
0403.mat,0
0424.mat,0
0428.mat,0
0432.mat,0
0461.mat,0
0471.mat,0
0492.mat,0
0495.mat,0
0498.mat,0
0543.mat,0
0588.mat,0
0596.mat,0
0597.mat,0
0644.mat,0
0705.mat,0
0732.mat,0
0738.mat,0
0743.mat,0
0749.mat,0
0768.mat,0
0791.mat,0
0833.mat,0
0848.mat,0
0888.mat,0
0894.mat,0
0905.mat,0
0913.mat,0
0914.mat,0
0920.mat,0
0924.mat,0
0926.mat,0
0928.mat,0
0960.mat,0
0973.mat,0
0996.mat,0
1008.mat,0
1072.mat,0
1085.mat,0
1086.mat,0
1102.mat,0
1108.mat,0
1126.mat,0
1128.mat,0
1138.mat,0
1140.mat,0
1142.mat,0
1154.mat,0
1155.mat,0
1161.mat,0
1173.mat,0
1181.mat,0
1189.mat,0
1200.mat,0
1231.mat,0
1239.mat,0
1288.mat,0
1295.mat,0
1327.mat,0
1328.mat,0
1330.mat,0
1339.mat,0
1350.mat,0
1370.mat,0
1381.mat,0
1399.mat,0
1561.mat,0
1569.mat,0
1582.mat,0
1596.mat,0
1613.mat,0
1616.mat,0
1619.mat,0
1623.mat,0
1637.mat,0
1659.mat,0
1669.mat,0
1678.mat,0
1727.mat,0
1739.mat,0
1758.mat,0
1784.mat,0
1792.mat,0
1832.mat,0
1854.mat,0
1859.mat,0
1860.mat,0
1861.mat,0
1866.mat,0
1872.mat,0
1925.mat,0
1928.mat,0
1942.mat,0
1995.mat,0
2010.mat,0
2026.mat,0
2027.mat,0
2031.mat,0
2042.mat,0
2045.mat,0
2048.mat,0
2052.mat,0
2060.mat,0
2077.mat,0
2091.mat,0
2109.mat,0
2147.mat,0
2153.mat,0
2167.mat,0
2202.mat,0
2211.mat,0
2233.mat,0
2260.mat,0
2268.mat,0
2281.mat,0
2285.mat,0
2296.mat,0
2321.mat,0
2341.mat,0
2343.mat,0
2345.mat,0
2352.mat,0
2361.mat,0
2371.mat,0
2373.mat,0
2376.mat,0
2431.mat,0
2440.mat,0
2465.mat,0
2470.mat,0
2474.mat,0
2497.mat,0
2499.mat,0
2531.mat,0
2536.mat,0
2538.mat,0
2540.mat,0
2593.mat,0
2598.mat,0
2626.mat,0
2630.mat,0
2647.mat,0
2653.mat,0
2667.mat,0
2685.mat,0
2703.mat,0
2711.mat,0
2729.mat,0
2734.mat,0
2757.mat,0
2765.mat,0
2767.mat,0
2774.mat,0
2779.mat,0
2786.mat,0
2787.mat,0
2792.mat,0
2798.mat,0
2813.mat,0
2821.mat,0
2834.mat,0
2851.mat,0
2864.mat,0
2876.mat,0
2897.mat,0
2925.mat,0
2930.mat,0
2936.mat,0
2971.mat,0
2980.mat,0
2993.mat,0
3017.mat,0
3035.mat,0
3038.mat,0
3047.mat,0
3090.mat,0
3096.mat,0
3109.mat,0
3157.mat,0
3160.mat,0
3172.mat,0
3185.mat,0
3188.mat,0
3203.mat,0
3209.mat,0
3238.mat,0
3264.mat,0
3284.mat,0
3289.mat,0
3306.mat,0
3339.mat,0
3340.mat,0
3344.mat,0
3348.mat,0
3367.mat,0
3378.mat,0
3381.mat,0
3394.mat,0
3399.mat,0
3408.mat,0
3426.mat,0
3447.mat,0
3474.mat,0
3494.mat,0
3508.mat,0
3513.mat,0
3549.mat,0
3563.mat,0
3569.mat,0
3598.mat,0
3606.mat,0
3613.mat,0
3624.mat,0
3639.mat,0
3709.mat,0
3722.mat,0
3739.mat,0
3747.mat,0
3752.mat,0
3773.mat,0
3778.mat,0
3791.mat,0
3808.mat,0
3812.mat,0
3835.mat,0
3838.mat,0
3841.mat,0
3860.mat,0
3865.mat,0
3871.mat,0
3879.mat,0
3880.mat,0
3883.mat,0
3903.mat,0
3909.mat,0
3918.mat,0
3932.mat,0
3940.mat,0
3958.mat,0
3959.mat,0
3962.mat,0
3967.mat,0
3971.mat,0
3974.mat,0
3983.mat,0
3990.mat,0
3996.mat,0
3997.mat,0
3998.mat,0
4008.mat,0
4017.mat,0
4020.mat,0
4024.mat,0
4025.mat,0
4034.mat,0
4041.mat,0
4048.mat,0
4081.mat,0
4084.mat,0
4088.mat,0
4126.mat,0
4127.mat,0
4133.mat,0
4144.mat,0
4148.mat,0
4174.mat,0
4178.mat,0
4187.mat,0
4190.mat,0
4195.mat,0
4200.mat,0
4201.mat,0
4202.mat,0
4219.mat,0
4242.mat,0
4248.mat,0
4272.mat,0
4273.mat,0
4281.mat,0
4294.mat,0
4302.mat,0
4307.mat,0
4311.mat,0
4331.mat,0
4344.mat,0
4347.mat,0
4353.mat,0
4355.mat,0
4367.mat,0
4373.mat,0
4390.mat,0
4415.mat,0
4427.mat,0
4448.mat,0
4449.mat,0
4459.mat,0
4477.mat,0
4487.mat,0
4496.mat,0
4506.mat,0
4515.mat,0
4522.mat,0
4530.mat,0
4535.mat,0
4544.mat,0
4549.mat,0
4554.mat,0
4556.mat,0
4569.mat,0
4585.mat,0
4593.mat,0
4603.mat,0
4627.mat,0
4650.mat,0
4659.mat,0
4666.mat,0
4685.mat,0
4690.mat,0
4693.mat,0
4695.mat,0
4698.mat,0
4700.mat,0
4705.mat,0
4712.mat,0
4724.mat,0
4735.mat,0
4739.mat,0
4740.mat,0
4750.mat,0
4773.mat,0
4789.mat,0
4802.mat,0
4813.mat,0
4817.mat,0
4818.mat,0
4828.mat,0
4830.mat,0
0006.mat,0
0026.mat,0
0035.mat,0
0036.mat,0
0055.mat,0
0062.mat,0
0064.mat,0
0067.mat,0
0068.mat,0
0069.mat,0
0087.mat,0
0093.mat,0
0122.mat,0
0143.mat,0
0153.mat,0
0179.mat,0
0202.mat,0
0203.mat,0
0244.mat,0
0256.mat,0
0284.mat,0
0286.mat,0
0306.mat,0
0315.mat,0
0316.mat,0
0326.mat,0
0336.mat,0
0380.mat,0
0403.mat,0
0424.mat,0
0428.mat,0
0432.mat,0
0461.mat,0
0471.mat,0
0492.mat,0
0495.mat,0
0498.mat,0
0543.mat,0
0588.mat,0
0596.mat,0
0597.mat,0
0644.mat,0
0705.mat,0
0732.mat,0
0738.mat,0
0743.mat,0
0749.mat,0
0768.mat,0
0791.mat,0
0833.mat,0
0848.mat,0
0888.mat,0
0894.mat,0
0905.mat,0
0913.mat,0
0914.mat,0
0920.mat,0
0924.mat,0
0926.mat,0
0928.mat,0
0960.mat,0
0973.mat,0
0996.mat,0
1008.mat,0
1072.mat,0
1085.mat,0
1086.mat,0
1102.mat,0
1108.mat,0
1126.mat,0
1128.mat,0
1138.mat,0
1140.mat,0
1142.mat,0
1154.mat,0
1155.mat,0
1161.mat,0
1173.mat,0
1181.mat,0
1189.mat,0
1200.mat,0
1231.mat,0
1239.mat,0
1288.mat,0
1295.mat,0
1327.mat,0
1328.mat,0
1330.mat,0
1339.mat,0
1350.mat,0
1370.mat,0
1381.mat,0
1399.mat,0
1561.mat,0
1569.mat,0
1582.mat,0
1596.mat,0
1613.mat,0
1616.mat,0
1619.mat,0
1623.mat,0
1637.mat,0
1659.mat,0
1669.mat,0
1678.mat,0
1727.mat,0
1739.mat,0
1758.mat,0
1784.mat,0
1792.mat,0
1832.mat,0
1854.mat,0
1859.mat,0
1860.mat,0
1861.mat,0
1866.mat,0
1872.mat,0
1925.mat,0
1928.mat,0
1942.mat,0
1995.mat,0
2010.mat,0
2026.mat,0
2027.mat,0
2031.mat,0
2042.mat,0
2045.mat,0
2048.mat,0
2052.mat,0
2060.mat,0
2077.mat,0
2091.mat,0
2109.mat,0
2147.mat,0
2153.mat,0
2167.mat,0
2202.mat,0
2211.mat,0
2233.mat,0
2260.mat,0
2268.mat,0
2281.mat,0
2285.mat,0
2296.mat,0
2321.mat,0
2341.mat,0
2343.mat,0
2345.mat,0
2352.mat,0
2361.mat,0
2371.mat,0
2373.mat,0
2376.mat,0
2431.mat,0
2440.mat,0
2465.mat,0
2470.mat,0
2474.mat,0
2497.mat,0
2499.mat,0
2531.mat,0
2536.mat,0
2538.mat,0
2540.mat,0
2593.mat,0
2598.mat,0
2626.mat,0
2630.mat,0
2647.mat,0
2653.mat,0
2667.mat,0
2685.mat,0
2703.mat,0
2711.mat,0
2729.mat,0
2734.mat,0
2757.mat,0
2765.mat,0
2767.mat,0
2774.mat,0
2779.mat,0
2786.mat,0
2787.mat,0
2792.mat,0
2798.mat,0
2813.mat,0
2821.mat,0
2834.mat,0
2851.mat,0
2864.mat,0
2876.mat,0
2897.mat,0
2925.mat,0
2930.mat,0
2936.mat,0
2971.mat,0
2980.mat,0
2993.mat,0
3017.mat,0
3035.mat,0
3038.mat,0
3047.mat,0
3090.mat,0
3096.mat,0
3109.mat,0
3157.mat,0
3160.mat,0
3172.mat,0
3185.mat,0
3188.mat,0
3203.mat,0
3209.mat,0
3238.mat,0
3264.mat,0
3284.mat,0
3289.mat,0
3306.mat,0
3339.mat,0
3340.mat,0
3344.mat,0
3348.mat,0
3367.mat,0
3378.mat,0
3381.mat,0
3394.mat,0
3399.mat,0
3408.mat,0
3426.mat,0
3447.mat,0
3474.mat,0
3494.mat,0
3508.mat,0
3513.mat,0
3549.mat,0
3563.mat,0
3569.mat,0
3598.mat,0
3606.mat,0
3613.mat,0
3624.mat,0
3639.mat,0
3709.mat,0
3722.mat,0
3739.mat,0
3747.mat,0
3752.mat,0
3773.mat,0
3778.mat,0
3791.mat,0
3808.mat,0
3812.mat,0
3835.mat,0
3838.mat,0
3841.mat,0
3860.mat,0
3865.mat,0
3871.mat,0
3879.mat,0
3880.mat,0
3883.mat,0
3903.mat,0
3909.mat,0
3918.mat,0
3932.mat,0
3940.mat,0
3958.mat,0
3959.mat,0
3962.mat,0
3967.mat,0
3971.mat,0
3974.mat,0
3983.mat,0
3990.mat,0
3996.mat,0
3997.mat,0
3998.mat,0
4008.mat,0
4017.mat,0
4020.mat,0
4024.mat,0
4025.mat,0
4034.mat,0
4041.mat,0
4048.mat,0
4081.mat,0
4084.mat,0
4088.mat,0
4126.mat,0
4127.mat,0
4133.mat,0
4144.mat,0
4148.mat,0
4174.mat,0
4178.mat,0
4187.mat,0
4190.mat,0
4195.mat,0
4200.mat,0
4201.mat,0
4202.mat,0
4219.mat,0
4242.mat,0
4248.mat,0
4272.mat,0
4273.mat,0
4281.mat,0
4294.mat,0
4302.mat,0
4307.mat,0
4311.mat,0
4331.mat,0
4344.mat,0
4347.mat,0
4353.mat,0
4355.mat,0
4367.mat,0
4373.mat,0
4390.mat,0
4415.mat,0
4427.mat,0
4448.mat,0
4449.mat,0
4459.mat,0
4477.mat,0
4487.mat,0
4496.mat,0
4506.mat,0
4515.mat,0
4522.mat,0
4530.mat,0
4535.mat,0
4544.mat,0
4549.mat,0
4554.mat,0
4556.mat,0
4569.mat,0
4585.mat,0
4593.mat,0
4603.mat,0
4627.mat,0
4650.mat,0
4659.mat,0
4666.mat,0
4685.mat,0
4690.mat,0
4693.mat,0
4695.mat,0
4698.mat,0
4700.mat,0
4705.mat,0
4712.mat,0
4724.mat,0
4735.mat,0
4739.mat,0
4740.mat,0
4750.mat,0
4773.mat,0
4789.mat,0
4802.mat,0
4813.mat,0
4817.mat,0
4818.mat,0
4828.mat,0
4830.mat,0
0006.mat,0
0026.mat,0
0035.mat,0
0036.mat,0
0055.mat,0
0062.mat,0
0064.mat,0
0067.mat,0
0068.mat,0
0069.mat,0
0087.mat,0
0093.mat,0
0122.mat,0
0143.mat,0
0153.mat,0
0179.mat,0
0202.mat,0
0203.mat,0
0244.mat,0
0256.mat,0
0284.mat,0
0286.mat,0
0306.mat,0
0315.mat,0
0316.mat,0
0326.mat,0
0336.mat,0
0380.mat,0
0403.mat,0
0424.mat,0
0428.mat,0
0432.mat,0
0461.mat,0
0471.mat,0
0492.mat,0
0495.mat,0
0498.mat,0
0543.mat,0
0588.mat,0
0596.mat,0
0597.mat,0
0644.mat,0
0705.mat,0
0732.mat,0
0738.mat,0
0743.mat,0
0749.mat,0
0768.mat,0
0791.mat,0
0833.mat,0
0848.mat,0
0888.mat,0
0894.mat,0
0905.mat,0
0913.mat,0
0914.mat,0
0920.mat,0
0924.mat,0
0926.mat,0
0928.mat,0
0960.mat,0
0973.mat,0
0996.mat,0
1008.mat,0
1072.mat,0
1085.mat,0
1086.mat,0
1102.mat,0
1108.mat,0
1126.mat,0
1128.mat,0
1138.mat,0
1140.mat,0
1142.mat,0
1154.mat,0
1155.mat,0
1161.mat,0
1173.mat,0
1181.mat,0
1189.mat,0
1200.mat,0
1231.mat,0
1239.mat,0
1288.mat,0
1295.mat,0
1327.mat,0
1328.mat,0
1330.mat,0
1339.mat,0
1350.mat,0
1370.mat,0
1381.mat,0
1399.mat,0
1561.mat,0
1569.mat,0
1582.mat,0
1596.mat,0
1613.mat,0
1616.mat,0
1619.mat,0
1623.mat,0
1637.mat,0
1659.mat,0
1669.mat,0
1678.mat,0
1727.mat,0
1739.mat,0
1758.mat,0
1784.mat,0
1792.mat,0
1832.mat,0
1854.mat,0
1859.mat,0
1860.mat,0
1861.mat,0
1866.mat,0
1872.mat,0
1925.mat,0
1928.mat,0
1942.mat,0
1995.mat,0
2010.mat,0
2026.mat,0
2027.mat,0
2031.mat,0
2042.mat,0
2045.mat,0
2048.mat,0
2052.mat,0
2060.mat,0
2077.mat,0
2091.mat,0
2109.mat,0
2147.mat,0
2153.mat,0
2167.mat,0
2202.mat,0
2211.mat,0
2233.mat,0
2260.mat,0
2268.mat,0
2281.mat,0
2285.mat,0
2296.mat,0
2321.mat,0
2341.mat,0
2343.mat,0
2345.mat,0
2352.mat,0
2361.mat,0
2371.mat,0
2373.mat,0
2376.mat,0
2431.mat,0
2440.mat,0
2465.mat,0
2470.mat,0
2474.mat,0
2497.mat,0
2499.mat,0
2531.mat,0
2536.mat,0
2538.mat,0
2540.mat,0
2593.mat,0
2598.mat,0
2626.mat,0
2630.mat,0
2647.mat,0
2653.mat,0
2667.mat,0
2685.mat,0
2703.mat,0
2711.mat,0
2729.mat,0
2734.mat,0
2757.mat,0
2765.mat,0
2767.mat,0
2774.mat,0
2779.mat,0
2786.mat,0
2787.mat,0
2792.mat,0
2798.mat,0
2813.mat,0
2821.mat,0
2834.mat,0
2851.mat,0
2864.mat,0
2876.mat,0
2897.mat,0
2925.mat,0
2930.mat,0
2936.mat,0
2971.mat,0
2980.mat,0
2993.mat,0
3017.mat,0
3035.mat,0
3038.mat,0
3047.mat,0
3090.mat,0
3096.mat,0
3109.mat,0
3157.mat,0
3160.mat,0
3172.mat,0
3185.mat,0
3188.mat,0
3203.mat,0
3209.mat,0
3238.mat,0
3264.mat,0
3284.mat,0
3289.mat,0
3306.mat,0
3339.mat,0
3340.mat,0
3344.mat,0
3348.mat,0
3367.mat,0
3378.mat,0
3381.mat,0
3394.mat,0
3399.mat,0
3408.mat,0
3426.mat,0
3447.mat,0
3474.mat,0
3494.mat,0
3508.mat,0
3513.mat,0
3549.mat,0
3563.mat,0
3569.mat,0
3598.mat,0
3606.mat,0
3613.mat,0
3624.mat,0
3639.mat,0
3709.mat,0
3722.mat,0
3739.mat,0
3747.mat,0
3752.mat,0
3773.mat,0
3778.mat,0
3791.mat,0
3808.mat,0
3812.mat,0
3835.mat,0
3838.mat,0
3841.mat,0
3860.mat,0
3865.mat,0
3871.mat,0
3879.mat,0
3880.mat,0
3883.mat,0
3903.mat,0
3909.mat,0
3918.mat,0
3932.mat,0
3940.mat,0
3958.mat,0
3959.mat,0
3962.mat,0
3967.mat,0
3971.mat,0
3974.mat,0
3983.mat,0
3990.mat,0
3996.mat,0
3997.mat,0
3998.mat,0
4008.mat,0
4017.mat,0
4020.mat,0
4024.mat,0
4025.mat,0
4034.mat,0
4041.mat,0
4048.mat,0
4081.mat,0
4084.mat,0
4088.mat,0
4126.mat,0
4127.mat,0
4133.mat,0
4144.mat,0
4148.mat,0
4174.mat,0
4178.mat,0
4187.mat,0
4190.mat,0
4195.mat,0
4200.mat,0
4201.mat,0
4202.mat,0
4219.mat,0
4242.mat,0
4248.mat,0
4272.mat,0
4273.mat,0
4281.mat,0
4294.mat,0
4302.mat,0
4307.mat,0
4311.mat,0
4331.mat,0
4344.mat,0
4347.mat,0
4353.mat,0
4355.mat,0
4367.mat,0
4373.mat,0
4390.mat,0
4415.mat,0
4427.mat,0
4448.mat,0
4449.mat,0
4459.mat,0
4477.mat,0
4487.mat,0
4496.mat,0
4506.mat,0
4515.mat,0
4522.mat,0
4530.mat,0
4535.mat,0
4544.mat,0
4549.mat,0
4554.mat,0
4556.mat,0
4569.mat,0
4585.mat,0
4593.mat,0
4603.mat,0
4627.mat,0
4650.mat,0
4659.mat,0
4666.mat,0
4685.mat,0
4690.mat,0
4693.mat,0
4695.mat,0
4698.mat,0
4700.mat,0
4705.mat,0
4712.mat,0
4724.mat,0
4735.mat,0
4739.mat,0
4740.mat,0
4750.mat,0
4773.mat,0
4789.mat,0
4802.mat,0
4813.mat,0
4817.mat,0
4818.mat,0
4828.mat,0
4830.mat,0